caldt,vwretd
2013-12-02,-0.002526
2013-12-03,-0.003192
2013-12-04,-0.001071
2013-12-05,-0.004448
2013-12-06,0.011338
2013-12-09,0.001871
2013-12-10,-0.003295
2013-12-11,-0.011122
2013-12-12,-0.003588
2013-12-13,-0.000063
2013-12-16,0.006329
2013-12-17,-0.003089
2013-12-18,0.016609
2013-12-19,-0.000494
2013-12-20,0.005032
2013-12-23,0.005333
2013-12-24,0.003015
2013-12-26,0.004784
2013-12-27,-0.000212
2013-12-30,-0.000111
2013-12-31,0.003983
2014-01-02,-0.008595
2014-01-03,-0.000275
2014-01-06,-0.002495
2014-01-07,0.006090
2014-01-08,0.000057
2014-01-09,0.000369
2014-01-10,0.002358
2014-01-13,-0.012525
2014-01-14,0.010866
2014-01-15,0.005061
2014-01-16,-0.001358
2014-01-17,-0.003801
2014-01-21,0.002789
2014-01-22,0.000648
2014-01-23,-0.008917
2014-01-24,-0.020885
2014-01-27,-0.004946
2014-01-28,0.006288
2014-01-29,-0.010172
2014-01-30,0.011494
2014-01-31,-0.006640
2014-02-03,-0.022957
2014-02-04,0.007695
2014-02-05,-0.001722
2014-02-06,0.012905
2014-02-07,0.013283
2014-02-10,0.001672
2014-02-11,0.011133
2014-02-12,0.000190
2014-02-13,0.006053
2014-02-14,0.004822
2014-02-18,0.001301
2014-02-19,-0.006349
2014-02-20,0.006132
2014-02-21,-0.001748
2014-02-24,0.006270
2014-02-25,-0.001301
2014-02-26,0.000376
2014-02-27,0.004977
2014-02-28,0.002726
2014-03-03,-0.007366
2014-03-04,0.015324
2014-03-05,0.000157
2014-03-06,0.001736
2014-03-07,0.000550
2014-03-10,-0.000494
2014-03-11,-0.005036
2014-03-12,0.000613
2014-03-13,-0.011595
2014-03-14,-0.002778
2014-03-17,0.009605
2014-03-18,0.007293
2014-03-19,-0.006192
2014-03-20,0.006026
2014-03-21,-0.002971
2014-03-24,-0.004746
2014-03-25,0.004417
2014-03-26,-0.007022
2014-03-27,-0.001715
2014-03-28,0.004673
2014-03-31,0.007985
2014-04-01,0.007171
2014-04-02,0.003009
2014-04-03,-0.001183
2014-04-04,-0.012602
2014-04-07,-0.010670
2014-04-08,0.004302
2014-04-09,0.011019
2014-04-10,-0.021010
2014-04-11,-0.009449
2014-04-14,0.008280
2014-04-15,0.006704
2014-04-16,0.010552
2014-04-17,0.001344
2014-04-21,0.003740
2014-04-22,0.004066
2014-04-23,-0.002150
2014-04-24,0.001664
2014-04-25,-0.008293
2014-04-28,0.003237
2014-04-29,0.004857
2014-04-30,0.003123
2014-05-01,-0.000047
2014-05-02,-0.001378
2014-05-05,0.001898
2014-05-06,-0.008985
2014-05-07,0.005960
2014-05-08,-0.001097
2014-05-09,0.001806
2014-05-12,0.009899
2014-05-13,0.000701
2014-05-14,-0.004558
2014-05-15,-0.009363
2014-05-16,0.003727
2014-05-19,0.003886
2014-05-20,-0.006523
2014-05-21,0.008260
2014-05-22,0.002440
2014-05-23,0.004329
2014-05-27,0.005997
2014-05-28,-0.001014
2014-05-29,0.005499
2014-05-30,0.001890
2014-06-02,0.000832
2014-06-03,-0.000387
2014-06-04,0.002108
2014-06-05,0.006645
2014-06-06,0.004822
2014-06-09,0.000962
2014-06-10,-0.000262
2014-06-11,-0.003447
2014-06-12,-0.006838
2014-06-13,0.003143
2014-06-16,0.000825
2014-06-17,0.002241
2014-06-18,0.007848
2014-06-19,0.001311
2014-06-20,0.001691
2014-06-23,-0.000019
2014-06-24,-0.006352
2014-06-25,0.004824
2014-06-26,-0.001148
2014-06-27,0.002066
2014-06-30,-0.000311
2014-07-01,0.006864
2014-07-02,0.000656
2014-07-03,0.005392
2014-07-07,-0.003839
2014-07-08,-0.006723
2014-07-09,0.004662
2014-07-10,-0.004144
2014-07-11,0.001618
2014-07-14,0.004856
2014-07-15,-0.001933
2014-07-16,0.004352
2014-07-17,-0.011614
2014-07-18,0.010240
2014-07-21,-0.002260
2014-07-22,0.004960
2014-07-23,0.001766
2014-07-24,0.000464
2014-07-25,-0.004938
2014-07-28,0.000228
2014-07-29,-0.004485
2014-07-30,0.000195
2014-07-31,-0.019929
2014-08-01,-0.002982
2014-08-04,0.007143
2014-08-05,-0.009499
2014-08-06,0.000378
2014-08-07,-0.005303
2014-08-08,0.011524
2014-08-11,0.002901
2014-08-12,-0.001668
2014-08-13,0.006939
2014-08-14,0.004360
2014-08-15,0.000085
2014-08-18,0.008628
2014-08-19,0.005292
2014-08-20,0.002524
2014-08-21,0.002979
2014-08-22,-0.001758
2014-08-25,0.004783
2014-08-26,0.001090
2014-08-27,0.000132
2014-08-28,-0.001583
2014-08-29,0.003363
2014-09-02,-0.000439
2014-09-03,-0.000566
2014-09-04,-0.001383
2014-09-05,0.005057
2014-09-08,-0.002982
2014-09-09,-0.006551
2014-09-10,0.003676
2014-09-11,0.001135
2014-09-12,-0.005910
2014-09-15,-0.000819
2014-09-16,0.007541
2014-09-17,0.001261
2014-09-18,0.005027
2014-09-19,-0.000442
2014-09-22,-0.008037
2014-09-23,-0.005735
2014-09-24,0.007993
2014-09-25,-0.016122
2014-09-26,0.008738
2014-09-29,-0.002507
2014-09-30,-0.002649
2014-10-01,-0.013082
2014-10-02,0.000146
2014-10-03,0.011167
2014-10-06,-0.001490
2014-10-07,-0.015091
2014-10-08,0.017686
2014-10-09,-0.020569
2014-10-10,-0.011289
2014-10-13,-0.016466
2014-10-14,0.001633
2014-10-15,-0.008094
2014-10-16,0.000073
2014-10-17,0.012737
2014-10-20,0.009183
2014-10-21,0.019484
2014-10-22,-0.007091
2014-10-23,0.012181
2014-10-24,0.006866
2014-10-27,-0.001469
2014-10-28,0.011817
2014-10-29,-0.001290
2014-10-30,0.006384
2014-10-31,0.011692
2014-11-03,-0.000161
2014-11-04,-0.002762
2014-11-05,0.005923
2014-11-06,0.004119
2014-11-07,0.000677
2014-11-10,0.003279
2014-11-11,0.000677
2014-11-12,-0.000444
2014-11-13,0.000912
2014-11-14,0.000423
2014-11-17,0.000814
2014-11-18,0.005303
2014-11-19,-0.001267
2014-11-20,0.001877
2014-11-21,0.005325
2014-11-24,0.002893
2014-11-25,-0.001140
2014-11-26,0.003037
2014-11-28,-0.002131
2014-12-01,-0.006999
2014-12-02,0.006352
2014-12-03,0.003846
2014-12-04,-0.001108
2014-12-05,0.001607
2014-12-08,-0.007021
2014-12-09,-0.000191
2014-12-10,-0.016261
2014-12-11,0.004852
2014-12-12,-0.016058
2014-12-15,-0.006143
2014-12-16,-0.008611
2014-12-17,0.020318
2014-12-18,0.024296
2014-12-19,0.004482
2014-12-22,0.004086
2014-12-23,0.001904
2014-12-24,-0.000148
2014-12-26,0.003310
2014-12-29,0.000948
2014-12-30,-0.004736
2014-12-31,-0.010244
2015-01-02,-0.000165
2015-01-05,-0.018112
2015-01-06,-0.008869
2015-01-07,0.012110
2015-01-08,0.017830
2015-01-09,-0.008400
2015-01-12,-0.007980
2015-01-13,-0.002560
2015-01-14,-0.005905
2015-01-15,-0.009149
2015-01-16,0.013317
2015-01-20,0.001686
2015-01-21,0.004874
2015-01-22,0.015301
2015-01-23,-0.005362
2015-01-26,0.002496
2015-01-27,-0.013292
2015-01-28,-0.013338
2015-01-29,0.009638
2015-01-30,-0.012832
2015-02-02,0.012851
2015-02-03,0.014306
2015-02-04,-0.003814
2015-02-05,0.010546
2015-02-06,-0.003109
2015-02-09,-0.004306
2015-02-10,0.010838
2015-02-11,0.000204
2015-02-12,0.009823
2015-02-13,0.004083
2015-02-17,0.001687
2015-02-18,-0.000217
2015-02-19,-0.000949
2015-02-20,0.006179
2015-02-23,-0.000249
2015-02-24,0.002685
2015-02-25,-0.000578
2015-02-26,-0.001256
2015-02-27,-0.002875
2015-03-02,0.006270
2015-03-03,-0.004584
2015-03-04,-0.004182
2015-03-05,0.001384
2015-03-06,-0.014191
2015-03-09,0.004038
2015-03-10,-0.016802
2015-03-11,-0.001821
2015-03-12,0.012985
2015-03-13,-0.005975
2015-03-16,0.013627
2015-03-17,-0.003348
2015-03-18,0.012142
2015-03-19,-0.004840
2015-03-20,0.009113
2015-03-23,-0.001711
2015-03-24,-0.005943
2015-03-25,-0.014651
2015-03-26,-0.002283
2015-03-27,0.002482
2015-03-30,0.012275
2015-03-31,-0.008564
2015-04-01,-0.003964
2015-04-02,0.003517
2015-04-06,0.006606
2015-04-07,-0.002077
2015-04-08,0.003188
2015-04-09,0.004435
2015-04-10,0.005049
2015-04-13,-0.004475
2015-04-14,0.001618
2015-04-15,0.005081
2015-04-16,-0.000811
2015-04-17,-0.011408
2015-04-20,0.009185
2015-04-21,-0.001377
2015-04-22,0.005124
2015-04-23,0.002476
2015-04-24,0.002430
2015-04-27,-0.004142
2015-04-28,0.002747
2015-04-29,-0.003773
2015-04-30,-0.010055
2015-05-01,0.010831
2015-05-04,0.002882
2015-05-05,-0.011716
2015-05-06,-0.004029
2015-05-07,0.004091
2015-05-08,0.013380
2015-05-11,-0.004815
2015-05-12,-0.002810
2015-05-13,-0.000103
2015-05-14,0.010902
2015-05-15,0.000819
2015-05-18,0.003104
2015-05-19,-0.000774
2015-05-20,-0.000843
2015-05-21,0.002523
2015-05-22,-0.002228
2015-05-26,-0.010319
2015-05-27,0.009336
2015-05-28,-0.001115
2015-05-29,-0.006246
2015-06-01,0.002189
2015-06-02,-0.000941
2015-06-03,0.002344
2015-06-04,-0.008604
2015-06-05,-0.001427
2015-06-08,-0.006372
2015-06-09,0.000510
2015-06-10,0.012180
2015-06-11,0.002003
2015-06-12,-0.006905
2015-06-15,-0.004626
2015-06-16,0.005804
2015-06-17,0.002029
2015-06-18,0.009846
2015-06-19,-0.005333
2015-06-22,0.006047
2015-06-23,0.000747
2015-06-24,-0.007301
2015-06-25,-0.002942
2015-06-26,-0.000170
2015-06-29,-0.020733
2015-06-30,0.002715
2015-07-01,0.007103
2015-07-02,-0.000255
2015-07-06,-0.003790
2015-07-07,0.006243
2015-07-08,-0.016270
2015-07-09,0.002294
2015-07-10,0.012365
2015-07-13,0.011254
2015-07-14,0.004466
2015-07-15,-0.000920
2015-07-16,0.008094
2015-07-17,0.001293
2015-07-20,0.000878
2015-07-21,-0.004271
2015-07-22,-0.002211
2015-07-23,-0.005694
2015-07-24,-0.010448
2015-07-27,-0.005735
2015-07-28,0.012287
2015-07-29,0.007463
2015-07-30,0.000173
2015-07-31,-0.002188
2015-08-03,-0.002668
2015-08-04,-0.002132
2015-08-05,0.003721
2015-08-06,-0.007522
2015-08-07,-0.003015
2015-08-10,0.012663
2015-08-11,-0.009151
2015-08-12,0.001134
2015-08-13,-0.001210
2015-08-14,0.003977
2015-08-17,0.005273
2015-08-18,-0.002599
2015-08-19,-0.008167
2015-08-20,-0.020957
2015-08-21,-0.031650
2015-08-24,-0.039370
2015-08-25,-0.013361
2015-08-26,0.039171
2015-08-27,0.024262
2015-08-28,0.000638
2015-08-31,-0.008320
2015-09-01,-0.029419
2015-09-02,0.018473
2015-09-03,0.001312
2015-09-04,-0.015208
2015-09-08,0.025442
2015-09-09,-0.013809
2015-09-10,0.005224
2015-09-11,0.004920
2015-09-14,-0.004017
2015-09-15,0.012701
2015-09-16,0.008801
2015-09-17,-0.002355
2015-09-18,-0.016077
2015-09-21,0.004610
2015-09-22,-0.012320
2015-09-23,-0.002029
2015-09-24,-0.003418
2015-09-25,-0.000514
2015-09-28,-0.025485
2015-09-29,0.001182
2015-09-30,0.019174
2015-10-01,0.002083
2015-10-02,0.014535
2015-10-05,0.018311
2015-10-06,-0.003619
2015-10-07,0.008414
2015-10-08,0.008755
2015-10-09,0.000816
2015-10-12,0.001287
2015-10-13,-0.006699
2015-10-14,-0.005229
2015-10-15,0.014745
2015-10-16,0.004642
2015-10-19,0.000199
2015-10-20,-0.001495
2015-10-21,-0.005683
2015-10-22,0.016549
2015-10-23,0.010928
2015-10-26,-0.001801
2015-10-27,-0.002522
2015-10-28,0.011774
2015-10-29,-0.000330
2015-10-30,-0.004718
2015-11-02,0.011687
2015-11-03,0.002679
2015-11-04,-0.003090
2015-11-05,-0.000744
2015-11-06,-0.000296
2015-11-09,-0.009597
2015-11-10,0.001874
2015-11-11,-0.003284
2015-11-12,-0.013719
2015-11-13,-0.011285
2015-11-16,0.015160
2015-11-17,-0.000952
2015-11-18,0.016253
2015-11-19,-0.001080
2015-11-20,0.003930
2015-11-23,-0.001019
2015-11-24,0.001202
2015-11-25,0.000107
2015-11-27,0.000756
2015-11-30,-0.004752
2015-12-01,0.010733
2015-12-02,-0.010711
2015-12-03,-0.014242
2015-12-04,0.020367
2015-12-07,-0.006789
2015-12-08,-0.006288
2015-12-09,-0.007690
2015-12-10,0.002337
2015-12-11,-0.019273
2015-12-14,0.004951
2015-12-15,0.010446
2015-12-16,0.014690
2015-12-17,-0.014958
2015-12-18,-0.017558
2015-12-21,0.007889
2015-12-22,0.008941
2015-12-23,0.012446
2015-12-24,-0.001635
2015-12-28,-0.002082
2015-12-29,0.010906
2015-12-30,-0.007063
2015-12-31,-0.009432
2016-01-04,-0.015190
2016-01-05,0.002134
2016-01-06,-0.012566
2016-01-07,-0.023433
2016-01-08,-0.010898
2016-01-11,0.001055
2016-01-12,0.007732
2016-01-13,-0.025050
2016-01-14,0.016641
2016-01-15,-0.021666
2016-01-19,0.000584
2016-01-20,-0.011584
2016-01-21,0.005400
2016-01-22,0.020313
2016-01-25,-0.015346
2016-01-26,0.014103
2016-01-27,-0.010767
2016-01-28,0.005788
2016-01-29,0.024522
2016-02-01,-0.000353
2016-02-02,-0.018668
2016-02-03,0.004892
2016-02-04,0.001674
2016-02-05,-0.018423
2016-02-08,-0.014244
2016-02-09,-0.000563
2016-02-10,0.000266
2016-02-11,-0.011938
2016-02-12,0.019408
2016-02-16,0.016836
2016-02-17,0.016645
2016-02-18,-0.004807
2016-02-19,0.000267
2016-02-22,0.014515
2016-02-23,-0.012147
2016-02-24,0.004499
2016-02-25,0.011663
2016-02-26,-0.001762
2016-02-29,-0.008096
2016-03-01,0.023751
2016-03-02,0.004158
2016-03-03,0.003601
2016-03-04,0.003277
2016-03-07,0.000897
2016-03-08,-0.010939
2016-03-09,0.005140
2016-03-10,0.000210
2016-03-11,0.016578
2016-03-14,-0.001083
2016-03-15,-0.001833
2016-03-16,0.005770
2016-03-17,0.006394
2016-03-18,0.004326
2016-03-21,0.001002
2016-03-22,-0.000759
2016-03-23,-0.006336
2016-03-24,-0.000324
2016-03-28,0.000579
2016-03-29,0.008996
2016-03-30,0.004496
2016-03-31,-0.002030
2016-04-01,0.006388
2016-04-04,-0.003057
2016-04-05,-0.010146
2016-04-06,0.010860
2016-04-07,-0.011989
2016-04-08,0.002779
2016-04-11,-0.002804
2016-04-12,0.009759
2016-04-13,0.010090
2016-04-14,0.000235
2016-04-15,-0.000877
2016-04-18,0.006640
2016-04-19,0.002914
2016-04-20,0.000740
2016-04-21,-0.005230
2016-04-22,0.000019
2016-04-25,-0.001657
2016-04-26,0.001775
2016-04-27,0.001740
2016-04-28,-0.009142
2016-04-29,-0.004948
2016-05-02,0.007958
2016-05-03,-0.008675
2016-05-04,-0.005600
2016-05-05,0.000095
2016-05-06,0.003474
2016-05-09,0.000921
2016-05-10,0.012501
2016-05-11,-0.009117
2016-05-12,0.000048
2016-05-13,-0.008524
2016-05-16,0.009907
2016-05-17,-0.009345
2016-05-18,0.000047
2016-05-19,-0.003166
2016-05-20,0.006168
2016-05-23,-0.002063
2016-05-24,0.013685
2016-05-25,0.006974
2016-05-26,-0.000039
2016-05-27,0.004409
2016-05-31,-0.000821
2016-06-01,0.001266
2016-06-02,0.002911
2016-06-03,-0.002827
2016-06-06,0.004856
2016-06-07,0.001246
2016-06-08,0.003516
2016-06-09,-0.001697
2016-06-10,-0.009141
2016-06-13,-0.007757
2016-06-14,-0.001673
2016-06-15,-0.001711
2016-06-16,0.003261
2016-06-17,-0.003229
2016-06-20,0.005859
2016-06-21,0.002732
2016-06-22,-0.001645
2016-06-23,0.013333
2016-06-24,-0.035723
2016-06-27,-0.018012
2016-06-28,0.017816
2016-06-29,0.017256
2016-06-30,0.013529
2016-07-01,0.002169
2016-07-05,-0.006639
2016-07-06,0.005709
2016-07-07,-0.000774
2016-07-08,0.015192
2016-07-11,0.003447
2016-07-12,0.006791
2016-07-13,0.000253
2016-07-14,0.005231
2016-07-15,-0.000962
2016-07-18,0.002433
2016-07-19,-0.001407
2016-07-20,0.004373
2016-07-21,-0.003588
2016-07-22,0.004509
2016-07-25,-0.002880
2016-07-26,0.000199
2016-07-27,-0.001334
2016-07-28,0.001742
2016-07-29,0.001739
2016-08-01,-0.001183
2016-08-02,-0.006411
2016-08-03,0.003364
2016-08-04,0.000503
2016-08-05,0.008638
2016-08-08,-0.000817
2016-08-09,0.000379
2016-08-10,-0.002326
2016-08-11,0.004847
2016-08-12,-0.000708
2016-08-15,0.002835
2016-08-16,-0.005339
2016-08-17,0.002046
2016-08-18,0.002338
2016-08-19,-0.001407
2016-08-22,-0.000531
2016-08-23,0.001901
2016-08-24,-0.005186
2016-08-25,-0.001417
2016-08-26,-0.001507
2016-08-29,0.005327
2016-08-30,-0.001856
2016-08-31,-0.002113
2016-09-01,0.000062
2016-09-02,0.004168
2016-09-06,0.003044
2016-09-07,0.000048
2016-09-08,-0.002212
2016-09-09,-0.024631
2016-09-12,0.014850
2016-09-13,-0.014479
2016-09-14,-0.000556
2016-09-15,0.010268
2016-09-16,-0.003711
2016-09-19,-0.000096
2016-09-20,0.000339
2016-09-21,0.010840
2016-09-22,0.006607
2016-09-23,-0.005616
2016-09-26,-0.008566
2016-09-27,0.006602
2016-09-28,0.005421
2016-09-29,-0.009336
2016-09-30,0.008020
2016-10-03,-0.003093
2016-10-04,-0.004861
2016-10-05,0.004643
2016-10-06,0.000282
2016-10-07,-0.003269
2016-10-10,0.004571
2016-10-11,-0.012473
2016-10-12,0.001210
2016-10-13,-0.002942
2016-10-14,0.000235
2016-10-17,-0.003033
2016-10-18,0.006191
2016-10-19,0.002288
2016-10-20,-0.001257
2016-10-21,0.000168
2016-10-24,0.004968
2016-10-25,-0.003732
2016-10-26,-0.001799
2016-10-27,-0.002977
2016-10-28,-0.003029
2016-10-31,0.000017
2016-11-01,-0.006803
2016-11-02,-0.006460
2016-11-03,-0.004080
2016-11-04,-0.001767
2016-11-07,0.022187
2016-11-08,0.004275
2016-11-09,0.010927
2016-11-10,0.001686
2016-11-11,-0.001386
2016-11-14,-0.000074
2016-11-15,0.007827
2016-11-16,-0.001269
2016-11-17,0.004585
2016-11-18,-0.002336
2016-11-21,0.007543
2016-11-22,0.002337
2016-11-23,0.000807
2016-11-25,0.003952
2016-11-28,-0.005094
2016-11-29,0.001574
2016-11-30,-0.002679
2016-12-01,-0.003675
2016-12-02,0.000425
2016-12-05,0.005921
2016-12-06,0.003438
2016-12-07,0.013377
2016-12-08,0.002244
2016-12-09,0.005861
2016-12-12,-0.001112
2016-12-13,0.006686
2016-12-14,-0.008035
2016-12-15,0.003833
2016-12-16,-0.001766
2016-12-19,0.002006
2016-12-20,0.003786
2016-12-21,-0.002423
2016-12-22,-0.001929
2016-12-23,0.001355
2016-12-27,0.002297
2016-12-28,-0.008146
2016-12-29,-0.000249
2016-12-30,-0.004631
2017-01-03,0.008524
2017-01-04,0.006017
2017-01-05,-0.000701
2017-01-06,0.003721
2017-01-09,-0.003469
2017-01-10,-0.000013
2017-01-11,0.002982
2017-01-12,-0.002043
2017-01-13,0.001778
2017-01-17,-0.002746
2017-01-18,0.001894
2017-01-19,-0.003551
2017-01-20,0.003397
2017-01-23,-0.002582
2017-01-24,0.006610
2017-01-25,0.007907
2017-01-26,-0.000680
2017-01-27,-0.000971
2017-01-30,-0.005914
2017-01-31,-0.000820
2017-02-01,0.000408
2017-02-02,0.000709
2017-02-03,0.007206
2017-02-06,-0.002143
2017-02-07,0.000334
2017-02-08,0.001084
2017-02-09,0.005981
2017-02-10,0.003575
2017-02-13,0.005383
2017-02-14,0.004298
2017-02-15,0.005146
2017-02-16,-0.000909
2017-02-17,0.002005
2017-02-21,0.006131
2017-02-22,-0.001011
2017-02-23,0.000395
2017-02-24,0.001748
2017-02-27,0.001030
2017-02-28,-0.002684
2017-03-01,0.013612
2017-03-02,-0.005670
2017-03-03,0.000452
2017-03-06,-0.003245
2017-03-07,-0.002858
2017-03-08,-0.001883
2017-03-09,0.000825
2017-03-10,0.003283
2017-03-13,0.000669
2017-03-14,-0.003223
2017-03-15,0.008363
2017-03-16,-0.001362
2017-03-17,-0.001342
2017-03-20,-0.002016
2017-03-21,-0.012262
2017-03-22,0.001926
2017-03-23,-0.001041
2017-03-24,-0.000811
2017-03-27,-0.000943
2017-03-28,0.007258
2017-03-29,0.001449
2017-03-30,0.002962
2017-03-31,-0.002145
2017-04-03,-0.001601
2017-04-04,0.000741
2017-04-05,-0.002921
2017-04-06,0.002122
2017-04-07,-0.000729
2017-04-10,0.000785
2017-04-11,-0.001251
2017-04-12,-0.003692
2017-04-13,-0.006767
2017-04-17,0.008592
2017-04-18,-0.002756
2017-04-19,-0.001583
2017-04-20,0.007563
2017-04-21,-0.003016
2017-04-24,0.010778
2017-04-25,0.005989
2017-04-26,-0.000463
2017-04-27,0.000718
2017-04-28,-0.001755
2017-05-01,0.001752
2017-05-02,0.001156
2017-05-03,-0.001165
2017-05-04,0.000778
2017-05-05,0.004036
2017-05-08,0.000120
2017-05-09,-0.000840
2017-05-10,0.001544
2017-05-11,-0.001886
2017-05-12,-0.001505
2017-05-15,0.004893
2017-05-16,-0.000532
2017-05-17,-0.017765
2017-05-18,0.003894
2017-05-19,0.006803
2017-05-22,0.005194
2017-05-23,0.001866
2017-05-24,0.002619
2017-05-25,0.004637
2017-05-26,0.000442
2017-05-30,-0.001077
2017-05-31,-0.000246
2017-06-01,0.007790
2017-06-02,0.003729
2017-06-05,-0.001125
2017-06-06,-0.002917
2017-06-07,0.001804
2017-06-08,0.000242
2017-06-09,-0.001078
2017-06-12,-0.000905
2017-06-13,0.004788
2017-06-14,-0.000869
2017-06-15,-0.002126
2017-06-16,-0.000004
2017-06-19,0.008362
2017-06-20,-0.006614
2017-06-21,-0.000311
2017-06-22,-0.000292
2017-06-23,0.001557
2017-06-26,0.000369
2017-06-27,-0.008077
2017-06-28,0.008989
2017-06-29,-0.008639
2017-06-30,0.001448
2017-07-03,0.002172
2017-07-05,0.001723
2017-07-06,-0.008985
2017-07-07,0.006416
2017-07-10,0.000841
2017-07-11,-0.000699
2017-07-12,0.007441
2017-07-13,0.001951
2017-07-14,0.004780
2017-07-17,-0.000049
2017-07-18,0.000620
2017-07-19,0.005406
2017-07-20,-0.000002
2017-07-21,-0.000323
2017-07-24,-0.000930
2017-07-25,0.002977
2017-07-26,0.000367
2017-07-27,-0.000869
2017-07-28,-0.001417
2017-07-31,-0.000852
2017-08-01,0.002376
2017-08-02,0.000468
2017-08-03,-0.002013
2017-08-04,0.001812
2017-08-07,0.001737
2017-08-08,-0.002294
2017-08-09,-0.000307
2017-08-10,-0.014158
2017-08-11,0.001418
2017-08-14,0.010084
2017-08-15,-0.000278
2017-08-16,0.001705
2017-08-17,-0.015426
2017-08-18,-0.001856
2017-08-21,0.001212
2017-08-22,0.009940
2017-08-23,-0.003371
2017-08-24,-0.002188
2017-08-25,0.001694
2017-08-28,0.000432
2017-08-29,0.001036
2017-08-30,0.004883
2017-08-31,0.005670
2017-09-01,0.002032
2017-09-05,-0.007371
2017-09-06,0.003125
2017-09-07,0.000169
2017-09-08,-0.001551
2017-09-11,0.010761
2017-09-12,0.003469
2017-09-13,0.000841
2017-09-14,-0.000843
2017-09-15,0.001692
2017-09-18,0.001354
2017-09-19,0.001015
2017-09-20,0.000675
2017-09-21,-0.003020
2017-09-22,0.000616
2017-09-25,-0.002247
2017-09-26,0.000224
2017-09-27,0.004093
2017-09-28,0.001397
2017-09-29,0.003660
2017-10-02,0.003852
2017-10-03,0.002259
2017-10-04,0.001291
2017-10-05,0.005880
2017-10-06,-0.000768
2017-10-09,-0.001758
2017-10-10,0.002565
2017-10-11,0.001959
2017-10-12,-0.001502
2017-10-13,0.000898
2017-10-16,0.001685
2017-10-17,0.000645
2017-10-18,0.000807
2017-10-19,0.000345
2017-10-20,0.005192
2017-10-23,-0.003903
2017-10-24,0.001649
2017-10-25,-0.004605
2017-10-26,0.001247
2017-10-27,0.008374
2017-10-30,-0.003219
2017-10-31,0.001062
2017-11-01,0.001601
2017-11-02,0.000333
2017-11-03,0.003278
2017-11-06,0.001301
2017-11-07,-0.000092
2017-11-08,0.001637
2017-11-09,-0.003541
2017-11-10,-0.000429
2017-11-13,0.001019
2017-11-14,-0.002001
2017-11-15,-0.005351
2017-11-16,0.009226
2017-11-17,-0.002675
2017-11-20,0.001258
2017-11-21,0.006422
2017-11-22,-0.000617
2017-11-24,0.002211
2017-11-27,-0.000270
2017-11-28,0.009686
2017-11-29,-0.000280
2017-11-30,0.008424
2017-12-01,-0.002015
2017-12-04,-0.001111
2017-12-05,-0.003580
2017-12-06,-0.000017
2017-12-07,0.003135
2017-12-08,0.005568
2017-12-11,0.003180
2017-12-12,0.001538
2017-12-13,-0.000367
2017-12-14,-0.003837
2017-12-15,0.008871
2017-12-18,0.005425
2017-12-19,-0.003125
2017-12-20,-0.000778
2017-12-21,0.001918
2017-12-22,-0.000401
2017-12-26,-0.000854
2017-12-27,0.000805
2017-12-28,0.002006
2017-12-29,-0.005153
2018-01-02,0.008278
2018-01-03,0.006438
2018-01-04,0.004242
2018-01-05,0.007046
2018-01-08,0.001809
2018-01-09,0.001561
2018-01-10,-0.001224
2018-01-11,0.007104
2018-01-12,0.006827
2018-01-16,-0.003477
2018-01-17,0.009444
2018-01-18,-0.001441
2018-01-19,0.004494
2018-01-22,0.008095
2018-01-23,0.002332
2018-01-24,-0.000505
2018-01-25,0.000746
2018-01-26,0.011833
2018-01-29,-0.006455
2018-01-30,-0.010750
2018-01-31,0.000477
2018-02-01,-0.000802
2018-02-02,-0.020820
2018-02-05,-0.040869
2018-02-06,0.017497
2018-02-07,-0.004850
2018-02-08,-0.037319
2018-02-09,0.014951
2018-02-12,0.013963
2018-02-13,0.002875
2018-02-14,0.013778
2018-02-15,0.012212
2018-02-16,0.000438
2018-02-20,-0.006364
2018-02-21,-0.005479
2018-02-22,0.001099
2018-02-23,0.015958
2018-02-26,0.011616
2018-02-27,-0.012648
2018-02-28,-0.010905
2018-03-01,-0.013175
2018-03-02,0.005148
2018-03-05,0.011092
2018-03-06,0.002668
2018-03-07,-0.000409
2018-03-08,0.004787
2018-03-09,0.017286
2018-03-12,-0.001205
2018-03-13,-0.006243
2018-03-14,-0.005415
2018-03-15,-0.000838
2018-03-16,0.001796
2018-03-19,-0.014157
2018-03-20,0.001355
2018-03-21,-0.001780
2018-03-22,-0.025057
2018-03-23,-0.020962
2018-03-26,0.027133
2018-03-27,-0.017408
2018-03-28,-0.002816
2018-03-29,0.013847
2018-04-02,-0.022603
2018-04-03,0.012581
2018-04-04,0.011636
2018-04-05,0.007132
2018-04-06,-0.021919
2018-04-09,0.003559
2018-04-10,0.016597
2018-04-11,-0.005493
2018-04-12,0.008280
2018-04-13,-0.002918
2018-04-16,0.008187
2018-04-17,0.010819
2018-04-18,0.000885
2018-04-19,-0.005289
2018-04-20,-0.008536
2018-04-23,-0.000043
2018-04-24,-0.013428
2018-04-25,0.001845
2018-04-26,0.010462
2018-04-27,0.001203
2018-04-30,-0.007996
2018-05-01,0.002453
2018-05-02,-0.007358
2018-05-03,-0.002101
2018-05-04,0.012933
2018-05-07,0.003380
2018-05-08,-0.000218
2018-05-09,0.009517
2018-05-10,0.009527
2018-05-11,0.002117
2018-05-14,0.000948
2018-05-15,-0.006736
2018-05-16,0.004428
2018-05-17,-0.000679
2018-05-18,-0.002632
2018-05-21,0.007425
2018-05-22,-0.003195
2018-05-23,0.003406
2018-05-24,-0.001959
2018-05-25,-0.002170
2018-05-29,-0.011460
2018-05-30,0.012907
2018-05-31,-0.006667
2018-06-01,0.010939
2018-06-04,0.004780
2018-06-05,0.000746
2018-06-06,0.008543
2018-06-07,-0.000614
2018-06-08,0.003144
2018-06-11,0.001203
2018-06-12,0.001816
2018-06-13,-0.003889
2018-06-14,0.002793
2018-06-15,-0.000888
2018-06-18,-0.002020
2018-06-19,-0.003911
2018-06-20,0.001673
2018-06-21,-0.006173
2018-06-22,0.001881
2018-06-25,-0.013621
2018-06-26,0.002200
2018-06-27,-0.008635
2018-06-28,0.006236
2018-06-29,0.000819
2018-07-02,0.002994
2018-07-03,-0.004886
2018-07-05,0.008779
2018-07-06,0.008510
2018-07-09,0.009223
2018-07-10,0.003518
2018-07-11,-0.006999
2018-07-12,0.008888
2018-07-13,0.001186
2018-07-16,-0.000954
2018-07-17,0.004152
2018-07-18,0.001869
2018-07-19,-0.003890
2018-07-20,-0.000864
2018-07-23,0.001797
2018-07-24,0.004859
2018-07-25,0.009146
2018-07-26,-0.003051
2018-07-27,-0.006494
2018-07-30,-0.005769
2018-07-31,0.004808
2018-08-01,-0.001194
2018-08-02,0.005090
2018-08-03,0.004861
2018-08-06,0.003469
2018-08-07,0.002771
2018-08-08,-0.000208
2018-08-09,-0.001117
2018-08-10,-0.006687
2018-08-13,-0.003947
2018-08-14,0.006620
2018-08-15,-0.007539
2018-08-16,0.008630
2018-08-17,0.003340
2018-08-20,0.002357
2018-08-21,0.002052
2018-08-22,-0.000295
2018-08-23,-0.001718
2018-08-24,0.006145
2018-08-27,0.007753
2018-08-28,0.000302
2018-08-29,0.005908
2018-08-30,-0.004273
2018-08-31,0.000257
2018-09-04,-0.001553
2018-09-05,-0.002925
2018-09-06,-0.003484
2018-09-07,-0.002198
2018-09-10,0.001961
2018-09-11,0.003861
2018-09-12,0.000385
2018-09-13,0.005413
2018-09-14,0.000355
2018-09-17,-0.005689
2018-09-18,0.005377
2018-09-19,0.001158
2018-09-20,0.007913
2018-09-21,-0.000432
2018-09-24,-0.003476
2018-09-25,-0.001081
2018-09-26,-0.003269
2018-09-27,0.002975
2018-09-28,-0.000004
2018-10-01,0.003580
2018-10-02,-0.000503
2018-10-03,0.000547
2018-10-04,-0.008027
2018-10-05,-0.005596
2018-10-08,-0.000374
2018-10-09,-0.001132
2018-10-10,-0.032810
2018-10-11,-0.020415
2018-10-12,0.014451
2018-10-15,-0.005826
2018-10-16,0.021537
2018-10-17,-0.000107
2018-10-18,-0.014414
2018-10-19,-0.000223
2018-10-22,-0.004162
2018-10-23,-0.005335
2018-10-24,-0.030793
2018-10-25,0.018863
2018-10-26,-0.017528
2018-10-29,-0.006758
2018-10-30,0.015768
2018-10-31,0.010898
2018-11-01,0.010772
2018-11-02,-0.006303
2018-11-05,0.005278
2018-11-06,0.006261
2018-11-07,0.021376
2018-11-08,-0.001915
2018-11-09,-0.008872
2018-11-12,-0.019730
2018-11-13,-0.001557
2018-11-14,-0.007426
2018-11-15,0.010784
2018-11-16,0.002068
2018-11-19,-0.016794
2018-11-20,-0.017964
2018-11-21,0.003220
2018-11-23,-0.006254
2018-11-26,0.015662
2018-11-27,0.003142
2018-11-28,0.023219
2018-11-29,-0.002023
2018-11-30,0.008354
2018-12-03,0.011168
2018-12-04,-0.032406
2018-12-06,-0.001166
2018-12-07,-0.023289
2018-12-10,0.001836
2018-12-11,-0.000315
2018-12-12,0.005438
2018-12-13,-0.000162
2018-12-14,-0.018966
2018-12-17,-0.020806
2018-12-18,0.000361
2018-12-19,-0.015413
2018-12-20,-0.015962
2018-12-21,-0.020924
2018-12-24,-0.026912
2018-12-26,0.049762
2018-12-27,0.008541
2018-12-28,-0.001050
2018-12-31,0.008649
2019-01-02,0.001449
2019-01-03,-0.024185
2019-01-04,0.034411
2019-01-07,0.007184
2019-01-08,0.009812
2019-01-09,0.004378
2019-01-10,0.004437
2019-01-11,-0.000186
2019-01-14,-0.005098
2019-01-15,0.010897
2019-01-16,0.002342
2019-01-17,0.007688
2019-01-18,0.013054
2019-01-22,-0.014128
2019-01-23,0.002240
2019-01-24,0.001365
2019-01-25,0.008474
2019-01-28,-0.007767
2019-01-29,-0.001588
2019-01-30,0.015589
2019-01-31,0.009047
2019-02-01,0.000532
2019-02-04,0.006822
2019-02-05,0.004871
2019-02-06,-0.002180
2019-02-07,-0.009075
2019-02-08,0.000911
2019-02-11,0.000711
2019-02-12,0.013018
2019-02-13,0.003121
2019-02-14,-0.002304
2019-02-15,0.010844
2019-02-19,0.001752
2019-02-20,0.001832
2019-02-21,-0.003445
2019-02-22,0.006174
2019-02-25,0.001318
2019-02-26,-0.000786
2019-02-27,-0.000339
2019-02-28,-0.002310
2019-03-01,0.006898
2019-03-04,-0.003768
2019-03-05,-0.001059
2019-03-06,-0.006534
2019-03-07,-0.008000
2019-03-08,-0.002004
2019-03-11,0.014628
2019-03-12,0.002939
2019-03-13,0.007003
2019-03-14,-0.000529
2019-03-15,0.004991
2019-03-18,0.003872
2019-03-19,0.000037
2019-03-20,-0.002928
2019-03-21,0.010964
2019-03-22,-0.018962
2019-03-25,-0.000717
2019-03-26,0.007090
2019-03-27,-0.004685
2019-03-28,0.003732
2019-03-29,0.006741
2019-04-01,0.011517
2019-04-02,0.000073
2019-04-03,0.002156
2019-04-04,0.002351
2019-04-05,0.004658
2019-04-08,0.001107
2019-04-09,-0.005806
2019-04-10,0.003639
2019-04-11,0.000029
2019-04-12,0.006635
2019-04-15,-0.000535
2019-04-16,0.000547
2019-04-17,-0.002107
2019-04-18,0.001579
2019-04-22,0.001037
2019-04-23,0.008963
2019-04-24,-0.002133
2019-04-25,-0.000425
2019-04-26,0.004754
2019-04-29,0.001062
2019-04-30,0.000885
2019-05-01,-0.007579
2019-05-02,-0.002055
2019-05-03,0.009847
2019-05-06,-0.004217
2019-05-07,-0.016479
2019-05-08,-0.001591
2019-05-09,-0.002655
2019-05-10,0.004079
2019-05-13,-0.024222
2019-05-14,0.008204
2019-05-15,0.006106
2019-05-16,0.009243
2019-05-17,-0.005822
2019-05-20,-0.006675
2019-05-21,0.008451
2019-05-22,-0.002695
2019-05-23,-0.011892
2019-05-24,0.001547
2019-05-28,-0.008258
2019-05-29,-0.006880
2019-05-30,0.002145
2019-05-31,-0.013026
2019-06-03,-0.003838
2019-06-04,0.021459
2019-06-05,0.008292
2019-06-06,0.006412
2019-06-07,0.010716
2019-06-10,0.004890
2019-06-11,-0.000330
2019-06-12,-0.001926
2019-06-13,0.004364
2019-06-14,-0.001489
2019-06-17,0.000955
2019-06-18,0.009654
2019-06-19,0.002994
2019-06-20,0.009615
2019-06-21,-0.001173
2019-06-24,-0.001748
2019-06-25,-0.009528
2019-06-26,-0.001157
2019-06-27,0.003914
2019-06-28,0.005759
2019-07-01,0.007701
2019-07-02,0.003009
2019-07-03,0.007925
2019-07-05,-0.001645
2019-07-08,-0.004766
2019-07-09,0.001610
2019-07-10,0.004575
2019-07-11,0.002276
2019-07-12,0.004736
2019-07-15,0.000259
2019-07-16,-0.003349
2019-07-17,-0.006408
2019-07-18,0.003601
2019-07-19,-0.006124
2019-07-22,0.002845
2019-07-23,0.006862
2019-07-24,0.004685
2019-07-25,-0.005342
2019-07-26,0.007469
2019-07-29,-0.001819
2019-07-30,-0.002500
2019-07-31,-0.010922
2019-08-01,-0.008869
2019-08-02,-0.007262
2019-08-05,-0.029815
2019-08-06,0.013058
2019-08-07,0.000913
2019-08-08,0.018936
2019-08-09,-0.006570
2019-08-12,-0.011969
2019-08-13,0.014964
2019-08-14,-0.028994
2019-08-15,0.003009
2019-08-16,0.014498
2019-08-19,0.012123
2019-08-20,-0.007905
2019-08-21,0.008248
2019-08-22,-0.000517
2019-08-23,-0.025935
2019-08-26,0.011102
2019-08-27,-0.003152
2019-08-28,0.006525
2019-08-29,0.012822
2019-08-30,0.000769
2019-09-03,-0.006681
2019-09-04,0.010909
2019-09-05,0.013217
2019-09-06,0.000882
2019-09-09,0.000104
2019-09-10,0.000303
2019-09-11,0.007254
2019-09-12,0.003021
2019-09-13,-0.000472
2019-09-16,-0.003194
2019-09-17,0.002621
2019-09-18,0.000336
2019-09-19,0.000141
2019-09-20,-0.004882
2019-09-23,-0.000063
2019-09-24,-0.008351
2019-09-25,0.006205
2019-09-26,-0.002448
2019-09-27,-0.005145
2019-09-30,0.005126
2019-10-01,-0.012230
2019-10-02,-0.017947
2019-10-03,0.008108
2019-10-04,0.014223
2019-10-07,-0.004477
2019-10-08,-0.015368
2019-10-09,0.009412
2019-10-10,0.006456
2019-10-11,0.011091
2019-10-14,-0.001421
2019-10-15,0.009907
2019-10-16,-0.001846
2019-10-17,0.002889
2019-10-18,-0.003943
2019-10-21,0.006919
2019-10-22,-0.003536
2019-10-23,0.002861
2019-10-24,0.001989
2019-10-25,0.003951
2019-10-28,0.005625
2019-10-29,-0.000959
2019-10-30,0.003366
2019-10-31,-0.002915
2019-11-01,0.009649
2019-11-04,0.003707
2019-11-05,-0.001142
2019-11-06,0.000823
2019-11-07,0.003209
2019-11-08,0.002693
2019-11-11,-0.002018
2019-11-12,0.001550
2019-11-13,0.000776
2019-11-14,0.001042
2019-11-15,0.007663
2019-11-18,0.000594
2019-11-19,-0.000506
2019-11-20,-0.003602
2019-11-21,-0.001557
2019-11-22,0.002199
2019-11-25,0.007650
2019-11-26,0.002265
2019-11-27,0.004273
2019-11-29,-0.003796
2019-12-02,-0.008588
2019-12-03,-0.006563
2019-12-04,0.006336
2019-12-05,0.001732
2019-12-06,0.009108
2019-12-09,-0.003052
2019-12-10,-0.001121
2019-12-11,0.002930
2019-12-12,0.008631
2019-12-13,0.000214
2019-12-16,0.007038
2019-12-17,0.000398
2019-12-18,-0.000345
2019-12-19,0.004534
2019-12-20,0.004896
2019-12-23,0.000897
2019-12-24,-0.000132
2019-12-26,0.005385
2019-12-27,0.000028
2019-12-30,-0.005631
2019-12-31,0.002954
2020-01-02,0.008570
2020-01-03,-0.006950
2020-01-06,0.003566
2020-01-07,-0.002669
2020-01-08,0.004827
2020-01-09,0.006939
2020-01-10,-0.002841
2020-01-13,0.006957
2020-01-14,-0.001388
2020-01-15,0.001782
2020-01-16,0.008459
2020-01-17,0.003742
2020-01-21,-0.002617
2020-01-22,0.000322
2020-01-23,0.001190
2020-01-24,-0.009072
2020-01-27,-0.015637
2020-01-28,0.010117
2020-01-29,-0.000904
2020-01-30,0.003377
2020-01-31,-0.017209
2020-02-03,0.007296
2020-02-04,0.014994
2020-02-05,0.011113
2020-02-06,0.003467
2020-02-07,-0.005025
2020-02-10,0.007484
2020-02-11,0.002015
2020-02-12,0.006558
2020-02-13,-0.001323
2020-02-14,0.001932
2020-02-18,-0.002658
2020-02-19,0.004782
2020-02-20,-0.003852
2020-02-21,-0.010591
2020-02-24,-0.033359
2020-02-25,-0.030269
2020-02-26,-0.003772
2020-02-27,-0.043781
2020-02-28,-0.008242
2020-03-02,0.045959
2020-03-03,-0.028014
2020-03-04,0.042150
2020-03-05,-0.033630
2020-03-06,-0.016819
2020-03-09,-0.075275
2020-03-10,0.049281
2020-03-11,-0.048751
2020-03-12,-0.095036
2020-03-13,0.093205
2020-03-16,-0.118970
2020-03-17,0.060242
2020-03-18,-0.050477
2020-03-19,0.004670
2020-03-20,-0.043187
2020-03-23,-0.028576
2020-03-24,0.092646
2020-03-25,0.010971
2020-03-26,0.062088
2020-03-27,-0.033559
2020-03-30,0.033550
2020-03-31,-0.015948
2020-04-01,-0.043645
2020-04-02,0.022726
2020-04-03,-0.014551
2020-04-06,0.070015
2020-04-07,-0.001665
2020-04-08,0.033801
2020-04-09,0.014454
2020-04-13,-0.009366
2020-04-14,0.030843
2020-04-15,-0.021556
2020-04-16,0.006190
2020-04-17,0.026322
2020-04-20,-0.017771
2020-04-21,-0.030447
2020-04-22,0.022846
2020-04-23,-0.000388
2020-04-24,0.013758
2020-04-27,0.014428
2020-04-28,-0.005305
2020-04-29,0.026208
2020-04-30,-0.008936
2020-05-01,-0.027987
2020-05-04,0.004454
2020-05-05,0.009042
2020-05-06,-0.006842
2020-05-07,0.012070
2020-05-08,0.017096
2020-05-11,0.000148
2020-05-12,-0.020425
2020-05-13,-0.017138
2020-05-14,0.011669
2020-05-15,0.004270
2020-05-18,0.031482
2020-05-19,-0.010403
2020-05-20,0.016702
2020-05-21,-0.007929
2020-05-22,0.002457
2020-05-26,0.012164
2020-05-27,0.014605
2020-05-28,-0.001863
2020-05-29,0.004922
2020-06-01,0.003979
2020-06-02,0.008075
2020-06-03,0.013602
2020-06-04,-0.003255
2020-06-05,0.025805
2020-06-08,0.012263
2020-06-09,-0.007465
2020-06-10,-0.005108
2020-06-11,-0.058263
2020-06-12,0.013059
2020-06-15,0.008464
2020-06-16,0.018946
2020-06-17,-0.003646
2020-06-18,0.000805
2020-06-19,-0.005284
2020-06-22,0.006543
2020-06-23,0.004316
2020-06-24,-0.025571
2020-06-25,0.010927
2020-06-26,-0.024285
2020-06-29,0.014740
2020-06-30,0.015346
2020-07-01,0.005266
2020-07-02,0.004715
2020-07-06,0.016070
2020-07-07,-0.010446
2020-07-08,0.007812
2020-07-09,-0.004930
2020-07-10,0.010600
2020-07-13,-0.009530
2020-07-14,0.013302
2020-07-15,0.008938
2020-07-16,-0.003355
2020-07-17,0.002691
2020-07-20,0.008785
2020-07-21,0.001624
2020-07-22,0.005591
2020-07-23,-0.012421
2020-07-24,-0.006038
2020-07-27,0.007415
2020-07-28,-0.006553
2020-07-29,0.012316
2020-07-30,-0.003576
2020-07-31,0.007894
2020-08-03,0.006842
2020-08-04,0.003775
2020-08-05,0.006357
2020-08-06,0.006495
2020-08-07,0.000845
2020-08-10,0.002842
2020-08-11,-0.008020
2020-08-12,0.014106
2020-08-13,-0.001655
2020-08-14,-0.000052
2020-08-17,0.002937
2020-08-18,0.002708
2020-08-19,-0.004358
2020-08-20,0.003108
2020-08-21,0.003508
2020-08-24,0.010110
2020-08-25,0.003522
2020-08-26,0.010173
2020-08-27,0.001848
2020-08-28,0.006933
2020-08-31,-0.002009
2020-09-01,0.007952
2020-09-02,0.015351
2020-09-03,-0.034955
2020-09-04,-0.008178
2020-09-08,-0.027921
2020-09-09,0.020237
2020-09-10,-0.017577
2020-09-11,0.000399
2020-09-14,0.012983
2020-09-15,0.005349
2020-09-16,-0.004753
2020-09-17,-0.008466
2020-09-18,-0.011340
2020-09-21,-0.011257
2020-09-22,0.010820
2020-09-23,-0.023827
2020-09-24,0.003153
2020-09-25,0.016035
2020-09-28,0.016099
2020-09-29,-0.004733
2020-09-30,0.008263
2020-10-01,0.005692
2020-10-02,-0.009760
2020-10-05,0.018060
2020-10-06,-0.014074
2020-10-07,0.017389
2020-10-08,0.008262
2020-10-09,0.008996
2020-10-12,0.016701
2020-10-13,-0.006130
2020-10-14,-0.006746
2020-10-15,-0.001529
2020-10-16,-0.000083
2020-10-19,-0.016384
2020-10-20,0.004811
2020-10-21,-0.002255
2020-10-22,0.005249
2020-10-23,0.003499
2020-10-26,-0.018394
2020-10-27,-0.002814
2020-10-28,-0.035198
2020-10-29,0.011972
2020-10-30,-0.012228
2020-11-02,0.012177
2020-11-03,0.017793
2020-11-04,0.022218
2020-11-05,0.019562
2020-11-06,-0.000014
2020-11-09,0.011808
2020-11-10,-0.001430
2020-11-11,0.007900
2020-11-12,-0.009679
2020-11-13,0.013753
2020-11-16,0.011511
2020-11-17,-0.004613
2020-11-18,-0.011277
2020-11-19,0.004214
2020-11-20,-0.006830
2020-11-23,0.005592
2020-11-24,0.016071
2020-11-25,-0.001390
2020-11-27,0.002563
2020-11-30,-0.004343
2020-12-01,0.011340
2020-12-02,0.001739
2020-12-03,-0.000470
2020-12-04,0.008764
2020-12-07,-0.001935
2020-12-08,0.002839
2020-12-09,-0.008042
2020-12-10,-0.001213
2020-12-11,-0.001222
2020-12-14,-0.004099
2020-12-15,0.012959
2020-12-16,0.001945
2020-12-17,0.005728
2020-12-18,-0.003363
2020-12-21,-0.004027
2020-12-22,-0.001989
2020-12-23,0.000729
2020-12-24,0.003623
2020-12-28,0.008919
2020-12-29,-0.002235
2020-12-30,0.001484
2020-12-31,0.006377
2021-01-04,-0.014456
2021-01-05,0.007089
2021-01-06,0.005644
2021-01-07,0.015175
2021-01-08,0.005929
2021-01-11,-0.006926
2021-01-12,0.000608
2021-01-13,0.002202
2021-01-14,-0.003836
2021-01-15,-0.007237
2021-01-19,0.008116
2021-01-20,0.014159
2021-01-21,0.000446
2021-01-22,-0.002842
2021-01-25,0.003733
2021-01-26,-0.001275
2021-01-27,-0.025727
2021-01-28,0.009418
2021-01-29,-0.019383
2021-02-01,0.016284
2021-02-02,0.014103
2021-02-03,0.000777
2021-02-04,0.010978
2021-02-05,0.004043
2021-02-08,0.007280
2021-02-09,-0.001149
2021-02-10,-0.000697
2021-02-11,0.001754
2021-02-12,0.004764
2021-02-16,-0.000602
2021-02-17,-0.000055
2021-02-18,-0.004630
2021-02-19,-0.001924
2021-02-22,-0.007937
2021-02-23,0.001221
2021-02-24,0.011304
2021-02-25,-0.024413
2021-02-26,-0.004621
2021-03-01,0.023849
2021-03-02,-0.008142
2021-03-03,-0.013228
2021-03-04,-0.013168
2021-03-05,0.019351
2021-03-08,-0.005542
2021-03-09,0.014698
2021-03-10,0.006106
2021-03-11,0.010424
2021-03-12,0.001315
2021-03-15,0.006507
2021-03-16,-0.001675
2021-03-17,0.002983
2021-03-18,-0.015014
2021-03-19,-0.000361
2021-03-22,0.007043
2021-03-23,-0.007555
2021-03-24,-0.005638
2021-03-25,0.005370
2021-03-26,0.016138
2021-03-29,-0.000798
2021-03-30,-0.002865
2021-03-31,0.003844
2021-04-01,0.011758
2021-04-05,0.014844
2021-04-06,-0.000815
2021-04-07,0.001400
2021-04-08,0.004571
2021-04-09,0.007657
2021-04-12,-0.000051
2021-04-13,0.003534
2021-04-14,-0.004158
2021-04-15,0.011068
2021-04-16,0.003581
2021-04-19,-0.005326
2021-04-20,-0.006726
2021-04-21,0.009310
2021-04-22,-0.009237
2021-04-23,0.010961
2021-04-26,0.001814
2021-04-27,-0.000326
2021-04-28,-0.000720
2021-04-29,0.006769
2021-04-30,-0.006870
2021-05-03,0.002564
2021-05-04,-0.006907
2021-05-05,0.000718
2021-05-06,0.008241
2021-05-07,0.007419
2021-05-10,-0.010683
2021-05-11,-0.008571
2021-05-12,-0.021445
2021-05-13,0.012223
2021-05-14,0.015167
2021-05-17,-0.002492
2021-05-18,-0.008300
2021-05-19,-0.002870
2021-05-20,0.010717
2021-05-21,-0.000865
2021-05-24,0.010082
2021-05-25,-0.002094
2021-05-26,0.002033
2021-05-27,0.001228
2021-05-28,0.000802
2021-06-01,-0.000367
2021-06-02,0.001474
2021-06-03,-0.003606
2021-06-04,0.008929
2021-06-07,-0.000694
2021-06-08,0.000360
2021-06-09,-0.001831
2021-06-10,0.004762
2021-06-11,0.001970
2021-06-14,0.002089
2021-06-15,-0.002041
2021-06-16,-0.005393
2021-06-17,-0.000150
2021-06-18,-0.012998
2021-06-21,0.013940
2021-06-22,0.005163
2021-06-23,-0.000985
2021-06-24,0.005864
2021-06-25,0.003250
2021-06-28,0.002246
2021-06-29,0.000272
2021-06-30,0.001445
2021-07-01,0.005164
2021-07-02,0.007751
2021-07-06,-0.001723
2021-07-07,0.003334
2021-07-08,-0.008136
2021-07-09,0.011143
2021-07-12,0.003520
2021-07-13,-0.003597
2021-07-14,0.001294
2021-07-15,-0.003349
2021-07-16,-0.007496
2021-07-19,-0.015761
2021-07-20,0.015235
2021-07-21,0.008140
2021-07-22,0.002072
2021-07-23,0.010027
2021-07-26,0.002546
2021-07-27,-0.004933
2021-07-28,-0.000167
2021-07-29,0.004390
2021-07-30,-0.005630
2021-08-02,-0.001672
2021-08-03,0.008247
2021-08-04,-0.004537
2021-08-05,0.006142
2021-08-06,0.001615
2021-08-09,-0.000557
2021-08-10,0.000976
2021-08-11,0.002297
2021-08-12,0.003263
2021-08-13,0.001551
2021-08-16,0.002374
2021-08-17,-0.007015
2021-08-18,-0.010471
2021-08-19,0.001095
2021-08-20,0.008181
2021-08-23,0.008789
2021-08-24,0.001546
2021-08-25,0.002172
2021-08-26,-0.005823
2021-08-27,0.008814
2021-08-30,0.004514
2021-08-31,-0.001075
2021-09-01,0.000448
2021-09-02,0.002894
2021-09-03,-0.000222
2021-09-07,-0.003154
2021-09-08,-0.001246
2021-09-09,-0.004520
2021-09-10,-0.007797
2021-09-13,0.002151
2021-09-14,-0.005603
2021-09-15,0.008445
2021-09-16,-0.001413
2021-09-17,-0.009047
2021-09-20,-0.017067
2021-09-21,-0.000723
2021-09-22,0.009622
2021-09-23,0.012149
2021-09-24,0.001582
2021-09-27,-0.002696
2021-09-28,-0.020262
2021-09-29,0.001667
2021-09-30,-0.011857
2021-10-01,0.011278
2021-10-04,-0.012921
2021-10-05,0.010615
2021-10-06,0.004041
2021-10-07,0.008542
2021-10-08,-0.001875
2021-10-11,-0.006783
2021-10-12,-0.002256
2021-10-13,0.003015
2021-10-14,0.017007
2021-10-15,0.007598
2021-10-18,0.003602
2021-10-19,0.007351
2021-10-20,0.003599
2021-10-21,0.003055
2021-10-22,-0.001036
2021-10-25,0.005075
2021-10-26,0.001778
2021-10-27,-0.004915
2021-10-28,0.009967
2021-10-29,0.002005
2021-11-01,0.002094
2021-11-02,0.003559
2021-11-03,0.006770
2021-11-04,0.004298
2021-11-05,0.003764
2021-11-08,0.000482
2021-11-09,-0.003828
2021-11-10,-0.007830
2021-11-11,0.000478
2021-11-12,0.007066
2021-11-15,0.000001
2021-11-16,0.003885
2021-11-17,-0.002252
2021-11-18,0.003638
2021-11-19,-0.001335
2021-11-22,-0.003065
2021-11-23,0.001467
2021-11-24,0.002341
2021-11-26,-0.022706
2021-11-29,0.013275
2021-11-30,-0.018746
2021-12-01,-0.012120
2021-12-02,0.014156
2021-12-03,-0.008539
2021-12-06,0.011676
2021-12-07,0.020714
2021-12-08,0.003085
2021-12-09,-0.007242
2021-12-10,0.009765
2021-12-13,-0.009225
2021-12-14,-0.007209
2021-12-15,0.016492
2021-12-16,-0.008979
2021-12-17,-0.010215
2021-12-20,-0.011578
2021-12-21,0.017880
2021-12-22,0.010379
2021-12-23,0.006407
2021-12-27,0.013645
2021-12-28,-0.000978
2021-12-29,0.001275
2021-12-30,-0.002951
2021-12-31,-0.002604
2022-01-03,0.007068
2022-01-04,-0.000884
2022-01-05,-0.019447
2022-01-06,-0.001074
2022-01-07,-0.004050
2022-01-10,-0.001293
2022-01-11,0.009260
2022-01-12,0.002872
2022-01-13,-0.014269
2022-01-14,0.000827
2022-01-18,-0.018416
2022-01-19,-0.009762
2022-01-20,-0.010980
2022-01-21,-0.019144
2022-01-24,0.002770
2022-01-25,-0.012309
2022-01-26,-0.001522
2022-01-27,-0.005763
2022-01-28,0.024556
2022-01-31,0.019292
2022-02-01,0.006876
2022-02-02,0.009221
2022-02-03,-0.023901
2022-02-04,0.005949
2022-02-07,-0.003711
2022-02-08,0.008489
2022-02-09,0.014513
2022-02-10,-0.017973
2022-02-11,-0.019144
2022-02-14,-0.003569
2022-02-15,0.015987
2022-02-16,0.001096
2022-02-17,-0.021027
2022-02-18,-0.007154
2022-02-22,-0.010288
2022-02-23,-0.018682
2022-02-24,0.015284
2022-02-25,0.022328
2022-02-28,-0.002131
2022-03-01,-0.015320
2022-03-02,0.018467
2022-03-03,-0.005340
2022-03-04,-0.007821
2022-03-07,-0.029708
2022-03-08,-0.007213
2022-03-09,0.025961
2022-03-10,-0.003851
2022-03-11,-0.012938
2022-03-14,-0.007338
2022-03-15,0.021584
2022-03-16,0.022470
2022-03-17,0.012463
2022-03-18,0.011845
2022-03-21,-0.000504
2022-03-22,0.011691
2022-03-23,-0.012126
2022-03-24,0.014291
2022-03-25,0.004892
2022-03-28,0.007667
2022-03-29,0.012265
2022-03-30,-0.006200
2022-03-31,-0.015582
2022-04-01,0.003567
2022-04-04,0.008523
2022-04-05,-0.012605
2022-04-06,-0.009800
2022-04-07,0.004260
2022-04-08,-0.002892
2022-04-11,-0.017024
2022-04-12,-0.003266
2022-04-13,0.011842
2022-04-14,-0.012254
2022-04-18,-0.000323
2022-04-19,0.016246
2022-04-20,-0.000906
2022-04-21,-0.014461
2022-04-22,-0.027733
2022-04-25,0.005687
2022-04-26,-0.028578
2022-04-27,0.002047
2022-04-28,0.024755
2022-04-29,-0.036625
2022-05-02,0.005754
2022-05-03,0.004805
2022-05-04,0.029917
2022-05-05,-0.035704
2022-05-06,-0.005694
2022-05-09,-0.032097
2022-05-10,0.002430
2022-05-11,-0.016731
2022-05-12,-0.000901
2022-05-13,0.024221
2022-05-16,-0.004250
2022-05-17,0.019664
2022-05-18,-0.040581
2022-05-19,-0.005853
2022-05-20,0.000046
2022-05-23,0.018698
2022-05-24,-0.008435
2022-05-25,0.009641
2022-05-26,0.020241
2022-05-27,0.025117
2022-05-31,-0.005923
2022-06-01,-0.007374
2022-06-02,0.018692
2022-06-03,-0.016600
2022-06-06,0.003280
2022-06-07,0.009326
2022-06-08,-0.010664
2022-06-09,-0.023713
2022-06-10,-0.028969
2022-06-13,-0.038909
2022-06-14,-0.002986
2022-06-15,0.014826
2022-06-16,-0.032319
2022-06-17,0.002414
2022-06-21,0.024797
2022-06-22,-0.001251
2022-06-23,0.009778
2022-06-24,0.030494
2022-06-27,-0.003033
2022-06-28,-0.020356
2022-06-29,-0.000546
2022-06-30,-0.008658
2022-07-01,0.010765
2022-07-05,0.002174
2022-07-06,0.003536
2022-07-07,0.015114
2022-07-08,-0.000675
2022-07-11,-0.011747
2022-07-12,-0.009142
2022-07-13,-0.004317
2022-07-14,-0.002660
2022-07-15,0.019092
2022-07-18,-0.008342
2022-07-19,0.027587
2022-07-20,0.005996
2022-07-21,0.010359
2022-07-22,-0.009222
2022-07-25,0.001217
2022-07-26,-0.012078
2022-07-27,0.026366
2022-07-28,0.012401
2022-07-29,0.014857
2022-08-01,-0.002696
2022-08-02,-0.006535
2022-08-03,0.015656
2022-08-04,-0.000744
2022-08-05,-0.001804
2022-08-08,-0.001232
2022-08-09,-0.004141
2022-08-10,0.021316
2022-08-11,-0.000588
2022-08-12,0.017616
2022-08-15,0.004108
2022-08-16,0.002097
2022-08-17,-0.007061
2022-08-18,0.002346
2022-08-19,-0.012847
2022-08-22,-0.021255
2022-08-23,-0.002117
2022-08-24,0.002939
2022-08-25,0.014020
2022-08-26,-0.033627
2022-08-29,-0.006521
2022-08-30,-0.010891
2022-08-31,-0.007582
2022-09-01,0.003311
2022-09-02,-0.010674
2022-09-06,-0.003943
2022-09-07,0.018526
2022-09-08,0.006667
2022-09-09,0.015416
2022-09-12,0.010676
2022-09-13,-0.043147
2022-09-14,0.003801
2022-09-15,-0.011139
2022-09-16,-0.007275
2022-09-19,0.006932
2022-09-20,-0.011136
2022-09-21,-0.017027
2022-09-22,-0.008566
2022-09-23,-0.017479
2022-09-26,-0.009991
2022-09-27,-0.002054
2022-09-28,0.019730
2022-09-29,-0.021155
2022-09-30,-0.015014
2022-10-03,0.025506
2022-10-04,0.030730
2022-10-05,-0.002047
2022-10-06,-0.009939
2022-10-07,-0.028001
2022-10-10,-0.007292
2022-10-11,-0.006459
2022-10-12,-0.003220
2022-10-13,0.025674
2022-10-14,-0.023847
2022-10-17,0.026605
2022-10-18,0.011605
2022-10-19,-0.006619
2022-10-20,-0.007731
2022-10-21,0.023704
2022-10-24,0.011759
2022-10-25,0.016229
2022-10-26,-0.007264
2022-10-27,-0.006063
2022-10-28,0.024460
2022-10-31,-0.007210
2022-11-01,-0.004352
2022-11-02,-0.025021
2022-11-03,-0.010445
2022-11-04,0.013568
2022-11-07,0.009414
2022-11-08,0.005322
2022-11-09,-0.020746
2022-11-10,0.055196
2022-11-11,0.009163
2022-11-14,-0.008883
2022-11-15,0.009071
2022-11-16,-0.007901
2022-11-17,-0.002875
2022-11-18,0.004706
2022-11-21,-0.003936
2022-11-22,0.013493
2022-11-23,0.006105
2022-11-25,-0.000257
2022-11-28,-0.015199
2022-11-29,-0.001637
2022-11-30,0.031140
2022-12-01,-0.000571
2022-12-02,-0.001100
2022-12-05,-0.018030
2022-12-06,-0.014438
2022-12-07,-0.001943
2022-12-08,0.007511
2022-12-09,-0.007392
2022-12-12,0.014075
2022-12-13,0.007048
2022-12-14,-0.005842
2022-12-15,-0.024709
2022-12-16,-0.011105
2022-12-19,-0.008912
2022-12-20,0.000957
2022-12-21,0.014920
2022-12-22,-0.014538
2022-12-23,0.005843
2022-12-27,-0.004123
2022-12-28,-0.012059
2022-12-29,0.017555
2022-12-30,-0.002393
