PERMNO,date
18484,2019-04-18
18484,2019-04-22
18484,2019-04-23
18484,2019-04-24
18484,2019-04-25
18484,2019-04-26
18484,2019-04-29
18484,2019-04-30
18484,2019-05-01
18484,2019-05-02
18484,2019-05-03
18484,2019-05-06
18484,2019-05-07
18484,2019-05-08
18484,2019-05-09
18484,2019-05-10
18484,2019-05-13
18484,2019-05-14
18484,2019-05-15
18484,2019-05-16
18484,2019-05-17
18484,2019-05-20
18484,2019-05-21
18484,2019-05-22
18484,2019-05-23
18484,2019-05-24
18484,2019-05-28
18484,2019-05-29
18484,2019-05-30
18484,2019-05-31
18484,2019-06-03
18484,2019-06-04
18484,2019-06-05
18484,2019-06-06
18484,2019-06-07
18484,2019-06-10
18484,2019-06-11
18484,2019-06-12
18484,2019-06-13
18484,2019-06-14
18484,2019-06-17
18484,2019-06-18
18484,2019-06-19
18484,2019-06-20
18484,2019-06-21
18484,2019-06-24
18484,2019-06-25
18484,2019-06-26
18484,2019-06-27
18484,2019-06-28
18484,2019-07-01
18484,2019-07-02
18484,2019-07-03
18484,2019-07-05
18484,2019-07-08
18484,2019-07-09
18484,2019-07-10
18484,2019-07-11
18484,2019-07-12
18484,2019-07-15
18484,2019-07-16
18484,2019-07-17
18484,2019-07-18
18484,2019-07-19
18484,2019-07-22
18484,2019-07-23
18484,2019-07-24
18484,2019-07-25
18484,2019-07-26
18484,2019-07-29
18484,2019-07-30
18484,2019-07-31
18484,2019-08-01
18484,2019-08-02
18484,2019-08-05
18484,2019-08-06
18484,2019-08-07
18484,2019-08-08
18484,2019-08-09
18484,2019-08-12
18484,2019-08-13
18484,2019-08-14
18484,2019-08-15
18484,2019-08-16
18484,2019-08-19
18484,2019-08-20
18484,2019-08-21
18484,2019-08-22
18484,2019-08-23
18484,2019-08-26
18484,2019-08-27
18484,2019-08-28
18484,2019-08-29
18484,2019-08-30
18484,2019-09-03
18484,2019-09-04
18484,2019-09-05
18484,2019-09-06
18484,2019-09-09
18484,2019-09-10
18484,2019-09-11
18484,2019-09-12
18484,2019-09-13
18484,2019-09-16
18484,2019-09-17
18484,2019-09-18
18484,2019-09-19
18484,2019-09-20
18484,2019-09-23
18484,2019-09-24
18484,2019-09-25
18484,2019-09-26
18484,2019-09-27
18484,2019-09-30
18484,2019-10-01
18484,2019-10-02
18484,2019-10-03
18484,2019-10-04
18484,2019-10-07
18484,2019-10-08
18484,2019-10-09
18484,2019-10-10
18484,2019-10-11
18484,2019-10-14
18484,2019-10-15
18484,2019-10-16
18484,2019-10-17
18484,2019-10-18
18484,2019-10-21
18484,2019-10-22
18484,2019-10-23
18484,2019-10-24
18484,2019-10-25
18484,2019-10-28
18484,2019-10-29
18484,2019-10-30
18484,2019-10-31
18484,2019-11-01
18484,2019-11-04
18484,2019-11-05
18484,2019-11-06
18484,2019-11-07
18484,2019-11-08
18484,2019-11-11
18484,2019-11-12
18484,2019-11-13
18484,2019-11-14
18484,2019-11-15
18484,2019-11-18
18484,2019-11-19
18484,2019-11-20
18484,2019-11-21
18484,2019-11-22
18484,2019-11-25
18484,2019-11-26
18484,2019-11-27
18484,2019-11-29
18484,2019-12-02
18484,2019-12-03
18484,2019-12-04
18484,2019-12-05
18484,2019-12-06
18484,2019-12-09
18484,2019-12-10
18484,2019-12-11
18484,2019-12-12
18484,2019-12-13
18484,2019-12-16
18484,2019-12-17
18484,2019-12-18
18484,2019-12-19
18484,2019-12-20
18484,2019-12-23
18484,2019-12-24
18484,2019-12-26
18484,2019-12-27
18484,2019-12-30
18484,2019-12-31
18484,2020-01-02
18484,2020-01-03
18484,2020-01-06
18484,2020-01-07
18484,2020-01-08
18484,2020-01-09
18484,2020-01-10
18484,2020-01-13
18484,2020-01-14
18484,2020-01-15
18484,2020-01-16
18484,2020-01-17
18484,2020-01-21
18484,2020-01-22
18484,2020-01-23
18484,2020-01-24
18484,2020-01-27
18484,2020-01-28
18484,2020-01-29
18484,2020-01-30
18484,2020-01-31
18484,2020-02-03
18484,2020-02-04
18484,2020-02-05
18484,2020-02-06
18484,2020-02-07
18484,2020-02-10
18484,2020-02-11
18484,2020-02-12
18484,2020-02-13
18484,2020-02-14
18484,2020-02-18
18484,2020-02-19
18484,2020-02-20
18484,2020-02-21
18484,2020-02-24
18484,2020-02-25
18484,2020-02-26
18484,2020-02-27
18484,2020-02-28
18484,2020-03-02
18484,2020-03-03
18484,2020-03-04
18484,2020-03-05
18484,2020-03-06
18484,2020-03-09
18484,2020-03-10
18484,2020-03-11
18484,2020-03-12
18484,2020-03-13
18484,2020-03-16
18484,2020-03-17
18484,2020-03-18
18484,2020-03-19
18484,2020-03-20
18484,2020-03-23
18484,2020-03-24
18484,2020-03-25
18484,2020-03-26
18484,2020-03-27
18484,2020-03-30
18484,2020-03-31
18484,2020-04-01
18484,2020-04-02
18484,2020-04-03
18484,2020-04-06
18484,2020-04-07
18484,2020-04-08
18484,2020-04-09
18484,2020-04-13
18484,2020-04-14
18484,2020-04-15
18484,2020-04-16
18484,2020-04-17
18484,2020-04-20
18484,2020-04-21
18484,2020-04-22
18484,2020-04-23
18484,2020-04-24
18484,2020-04-27
18484,2020-04-28
18484,2020-04-29
18484,2020-04-30
18484,2020-05-01
18484,2020-05-04
18484,2020-05-05
18484,2020-05-06
18484,2020-05-07
18484,2020-05-08
18484,2020-05-11
18484,2020-05-12
18484,2020-05-13
18484,2020-05-14
18484,2020-05-15
18484,2020-05-18
18484,2020-05-19
18484,2020-05-20
18484,2020-05-21
18484,2020-05-22
18484,2020-05-26
18484,2020-05-27
18484,2020-05-28
18484,2020-05-29
18484,2020-06-01
18484,2020-06-02
18484,2020-06-03
18484,2020-06-04
18484,2020-06-05
18484,2020-06-08
18484,2020-06-09
18484,2020-06-10
18484,2020-06-11
18484,2020-06-12
18484,2020-06-15
18484,2020-06-16
18484,2020-06-17
18484,2020-06-18
18484,2020-06-19
18484,2020-06-22
18484,2020-06-23
18484,2020-06-24
18484,2020-06-25
18484,2020-06-26
18484,2020-06-29
18484,2020-06-30
18484,2020-07-01
18484,2020-07-02
18484,2020-07-06
18484,2020-07-07
18484,2020-07-08
18484,2020-07-09
18484,2020-07-10
18484,2020-07-13
18484,2020-07-14
18484,2020-07-15
18484,2020-07-16
18484,2020-07-17
18484,2020-07-20
18484,2020-07-21
18484,2020-07-22
18484,2020-07-23
18484,2020-07-24
18484,2020-07-27
18484,2020-07-28
18484,2020-07-29
18484,2020-07-30
18484,2020-07-31
18484,2020-08-03
18484,2020-08-04
18484,2020-08-05
18484,2020-08-06
18484,2020-08-07
18484,2020-08-10
18484,2020-08-11
18484,2020-08-12
18484,2020-08-13
18484,2020-08-14
18484,2020-08-17
18484,2020-08-18
18484,2020-08-19
18484,2020-08-20
18484,2020-08-21
18484,2020-08-24
18484,2020-08-25
18484,2020-08-26
18484,2020-08-27
18484,2020-08-28
18484,2020-08-31
18484,2020-09-01
18484,2020-09-02
18484,2020-09-03
18484,2020-09-04
18484,2020-09-08
18484,2020-09-09
18484,2020-09-10
18484,2020-09-11
18484,2020-09-14
18484,2020-09-15
18484,2020-09-16
18484,2020-09-17
18484,2020-09-18
18484,2020-09-21
18484,2020-09-22
18484,2020-09-23
18484,2020-09-24
18484,2020-09-25
18484,2020-09-28
18484,2020-09-29
18484,2020-09-30
18484,2020-10-01
18484,2020-10-02
18484,2020-10-05
18484,2020-10-06
18484,2020-10-07
18484,2020-10-08
18484,2020-10-09
18484,2020-10-12
18484,2020-10-13
18484,2020-10-14
18484,2020-10-15
18484,2020-10-16
18484,2020-10-19
18484,2020-10-20
18484,2020-10-21
18484,2020-10-22
18484,2020-10-23
18484,2020-10-26
18484,2020-10-27
18484,2020-10-28
18484,2020-10-29
18484,2020-10-30
18484,2020-11-02
18484,2020-11-03
18484,2020-11-04
18484,2020-11-05
18484,2020-11-06
18484,2020-11-09
18484,2020-11-10
18484,2020-11-11
18484,2020-11-12
18484,2020-11-13
18484,2020-11-16
18484,2020-11-17
18484,2020-11-18
18484,2020-11-19
18484,2020-11-20
18484,2020-11-23
18484,2020-11-24
18484,2020-11-25
18484,2020-11-27
18484,2020-11-30
18484,2020-12-01
18484,2020-12-02
18484,2020-12-03
18484,2020-12-04
18484,2020-12-07
18484,2020-12-08
18484,2020-12-09
18484,2020-12-10
18484,2020-12-11
18484,2020-12-14
18484,2020-12-15
18484,2020-12-16
18484,2020-12-17
18484,2020-12-18
18484,2020-12-21
18484,2020-12-22
18484,2020-12-23
18484,2020-12-24
18484,2020-12-28
18484,2020-12-29
18484,2020-12-30
18484,2020-12-31
18484,2021-01-04
18484,2021-01-05
18484,2021-01-06
18484,2021-01-07
18484,2021-01-08
18484,2021-01-11
18484,2021-01-12
18484,2021-01-13
18484,2021-01-14
18484,2021-01-15
18484,2021-01-19
18484,2021-01-20
18484,2021-01-21
18484,2021-01-22
18484,2021-01-25
18484,2021-01-26
18484,2021-01-27
18484,2021-01-28
18484,2021-01-29
18484,2021-02-01
18484,2021-02-02
18484,2021-02-03
18484,2021-02-04
18484,2021-02-05
18484,2021-02-08
18484,2021-02-09
18484,2021-02-10
18484,2021-02-11
18484,2021-02-12
18484,2021-02-16
18484,2021-02-17
18484,2021-02-18
18484,2021-02-19
18484,2021-02-22
18484,2021-02-23
18484,2021-02-24
18484,2021-02-25
18484,2021-02-26
18484,2021-03-01
18484,2021-03-02
18484,2021-03-03
18484,2021-03-04
18484,2021-03-05
18484,2021-03-08
18484,2021-03-09
18484,2021-03-10
18484,2021-03-11
18484,2021-03-12
18484,2021-03-15
18484,2021-03-16
18484,2021-03-17
18484,2021-03-18
18484,2021-03-19
18484,2021-03-22
18484,2021-03-23
18484,2021-03-24
18484,2021-03-25
18484,2021-03-26
18484,2021-03-29
18484,2021-03-30
18484,2021-03-31
18484,2021-04-01
18484,2021-04-05
18484,2021-04-06
18484,2021-04-07
18484,2021-04-08
18484,2021-04-09
18484,2021-04-12
18484,2021-04-13
18484,2021-04-14
18484,2021-04-15
18484,2021-04-16
18484,2021-04-19
18484,2021-04-20
18484,2021-04-21
18484,2021-04-22
18484,2021-04-23
18484,2021-04-26
18484,2021-04-27
18484,2021-04-28
18484,2021-04-29
18484,2021-04-30
18484,2021-05-03
18484,2021-05-04
18484,2021-05-05
18484,2021-05-06
18484,2021-05-07
18484,2021-05-10
18484,2021-05-11
18484,2021-05-12
18484,2021-05-13
18484,2021-05-14
18484,2021-05-17
18484,2021-05-18
18484,2021-05-19
18484,2021-05-20
18484,2021-05-21
18484,2021-05-24
18484,2021-05-25
18484,2021-05-26
18484,2021-05-27
18484,2021-05-28
18484,2021-06-01
18484,2021-06-02
18484,2021-06-03
18484,2021-06-04
18484,2021-06-07
18484,2021-06-08
18484,2021-06-09
18484,2021-06-10
18484,2021-06-11
18484,2021-06-14
18484,2021-06-15
18484,2021-06-16
18484,2021-06-17
18484,2021-06-18
18484,2021-06-21
18484,2021-06-22
18484,2021-06-23
18484,2021-06-24
18484,2021-06-25
18484,2021-06-28
18484,2021-06-29
18484,2021-06-30
18484,2021-07-01
18484,2021-07-02
18484,2021-07-06
18484,2021-07-07
18484,2021-07-08
18484,2021-07-09
18484,2021-07-12
18484,2021-07-13
18484,2021-07-14
18484,2021-07-15
18484,2021-07-16
18484,2021-07-19
18484,2021-07-20
18484,2021-07-21
18484,2021-07-22
18484,2021-07-23
18484,2021-07-26
18484,2021-07-27
18484,2021-07-28
18484,2021-07-29
18484,2021-07-30
18484,2021-08-02
18484,2021-08-03
18484,2021-08-04
18484,2021-08-05
18484,2021-08-06
18484,2021-08-09
18484,2021-08-10
18484,2021-08-11
18484,2021-08-12
18484,2021-08-13
18484,2021-08-16
18484,2021-08-17
18484,2021-08-18
18484,2021-08-19
18484,2021-08-20
18484,2021-08-23
18484,2021-08-24
18484,2021-08-25
18484,2021-08-26
18484,2021-08-27
18484,2021-08-30
18484,2021-08-31
18484,2021-09-01
18484,2021-09-02
18484,2021-09-03
18484,2021-09-07
18484,2021-09-08
18484,2021-09-09
18484,2021-09-10
18484,2021-09-13
18484,2021-09-14
18484,2021-09-15
18484,2021-09-16
18484,2021-09-17
18484,2021-09-20
18484,2021-09-21
18484,2021-09-22
18484,2021-09-23
18484,2021-09-24
18484,2021-09-27
18484,2021-09-28
18484,2021-09-29
18484,2021-09-30
18484,2021-10-01
18484,2021-10-04
18484,2021-10-05
18484,2021-10-06
18484,2021-10-07
18484,2021-10-08
18484,2021-10-11
18484,2021-10-12
18484,2021-10-13
18484,2021-10-14
18484,2021-10-15
18484,2021-10-18
18484,2021-10-19
18484,2021-10-20
18484,2021-10-21
18484,2021-10-22
18484,2021-10-25
18484,2021-10-26
18484,2021-10-27
18484,2021-10-28
18484,2021-10-29
18484,2021-11-01
18484,2021-11-02
18484,2021-11-03
18484,2021-11-04
18484,2021-11-05
18484,2021-11-08
18484,2021-11-09
18484,2021-11-10
18484,2021-11-11
18484,2021-11-12
18484,2021-11-15
18484,2021-11-16
18484,2021-11-17
18484,2021-11-18
18484,2021-11-19
18484,2021-11-22
18484,2021-11-23
18484,2021-11-24
18484,2021-11-26
18484,2021-11-29
18484,2021-11-30
18484,2021-12-01
18484,2021-12-02
18484,2021-12-03
18484,2021-12-06
18484,2021-12-07
18484,2021-12-08
18484,2021-12-09
18484,2021-12-10
18484,2021-12-13
18484,2021-12-14
18484,2021-12-15
18484,2021-12-16
18484,2021-12-17
18484,2021-12-20
18484,2021-12-21
18484,2021-12-22
18484,2021-12-23
18484,2021-12-27
18484,2021-12-28
18484,2021-12-29
18484,2021-12-30
18484,2021-12-31
18484,2022-01-03
18484,2022-01-04
18484,2022-01-05
18484,2022-01-06
18484,2022-01-07
18484,2022-01-10
18484,2022-01-11
18484,2022-01-12
18484,2022-01-13
18484,2022-01-14
18484,2022-01-18
18484,2022-01-19
18484,2022-01-20
18484,2022-01-21
18484,2022-01-24
18484,2022-01-25
18484,2022-01-26
18484,2022-01-27
18484,2022-01-28
18484,2022-01-31
18484,2022-02-01
18484,2022-02-02
18484,2022-02-03
18484,2022-02-04
18484,2022-02-07
18484,2022-02-08
18484,2022-02-09
18484,2022-02-10
18484,2022-02-11
18484,2022-02-14
18484,2022-02-15
18484,2022-02-16
18484,2022-02-17
18484,2022-02-18
18484,2022-02-22
18484,2022-02-23
18484,2022-02-24
18484,2022-02-25
18484,2022-02-28
18484,2022-03-01
18484,2022-03-02
18484,2022-03-03
18484,2022-03-04
18484,2022-03-07
18484,2022-03-08
18484,2022-03-09
18484,2022-03-10
18484,2022-03-11
18484,2022-03-14
18484,2022-03-15
18484,2022-03-16
18484,2022-03-17
18484,2022-03-18
18484,2022-03-21
18484,2022-03-22
18484,2022-03-23
18484,2022-03-24
18484,2022-03-25
18484,2022-03-28
18484,2022-03-29
18484,2022-03-30
18484,2022-03-31
18484,2022-04-01
18484,2022-04-04
18484,2022-04-05
18484,2022-04-06
18484,2022-04-07
18484,2022-04-08
18484,2022-04-11
18484,2022-04-12
18484,2022-04-13
18484,2022-04-14
18484,2022-04-18
18484,2022-04-19
18484,2022-04-20
18484,2022-04-21
18484,2022-04-22
18484,2022-04-25
18484,2022-04-26
18484,2022-04-27
18484,2022-04-28
18484,2022-04-29
18484,2022-05-02
18484,2022-05-03
18484,2022-05-04
18484,2022-05-05
18484,2022-05-06
18484,2022-05-09
18484,2022-05-10
18484,2022-05-11
18484,2022-05-12
18484,2022-05-13
18484,2022-05-16
18484,2022-05-17
18484,2022-05-18
18484,2022-05-19
18484,2022-05-20
18484,2022-05-23
18484,2022-05-24
18484,2022-05-25
18484,2022-05-26
18484,2022-05-27
18484,2022-05-31
18484,2022-06-01
18484,2022-06-02
18484,2022-06-03
18484,2022-06-06
18484,2022-06-07
18484,2022-06-08
18484,2022-06-09
18484,2022-06-10
18484,2022-06-13
18484,2022-06-14
18484,2022-06-15
18484,2022-06-16
18484,2022-06-17
18484,2022-06-21
18484,2022-06-22
18484,2022-06-23
18484,2022-06-24
18484,2022-06-27
18484,2022-06-28
18484,2022-06-29
18484,2022-06-30
18484,2022-07-01
18484,2022-07-05
18484,2022-07-06
18484,2022-07-07
18484,2022-07-08
18484,2022-07-11
18484,2022-07-12
18484,2022-07-13
18484,2022-07-14
18484,2022-07-15
18484,2022-07-18
18484,2022-07-19
18484,2022-07-20
18484,2022-07-21
18484,2022-07-22
18484,2022-07-25
18484,2022-07-26
18484,2022-07-27
18484,2022-07-28
18484,2022-07-29
18484,2022-08-01
18484,2022-08-02
18484,2022-08-03
18484,2022-08-04
18484,2022-08-05
18484,2022-08-08
18484,2022-08-09
18484,2022-08-10
18484,2022-08-11
18484,2022-08-12
18484,2022-08-15
18484,2022-08-16
18484,2022-08-17
18484,2022-08-18
18484,2022-08-19
18484,2022-08-22
18484,2022-08-23
18484,2022-08-24
18484,2022-08-25
18484,2022-08-26
18484,2022-08-29
18484,2022-08-30
18484,2022-08-31
18484,2022-09-01
18484,2022-09-02
18484,2022-09-06
18484,2022-09-07
18484,2022-09-08
18484,2022-09-09
18484,2022-09-12
18484,2022-09-13
18484,2022-09-14
18484,2022-09-15
18484,2022-09-16
18484,2022-09-19
18484,2022-09-20
18484,2022-09-21
18484,2022-09-22
18484,2022-09-23
18484,2022-09-26
18484,2022-09-27
18484,2022-09-28
18484,2022-09-29
18484,2022-09-30
18484,2022-10-03
18484,2022-10-04
18484,2022-10-05
18484,2022-10-06
18484,2022-10-07
18484,2022-10-10
18484,2022-10-11
18484,2022-10-12
18484,2022-10-13
18484,2022-10-14
18484,2022-10-17
18484,2022-10-18
18484,2022-10-19
18484,2022-10-20
18484,2022-10-21
18484,2022-10-24
18484,2022-10-25
18484,2022-10-26
18484,2022-10-27
18484,2022-10-28
18484,2022-10-31
18484,2022-11-01
18484,2022-11-02
18484,2022-11-03
18484,2022-11-04
18484,2022-11-07
18484,2022-11-08
18484,2022-11-09
18484,2022-11-10
18484,2022-11-11
18484,2022-11-14
18484,2022-11-15
18484,2022-11-16
18484,2022-11-17
18484,2022-11-18
18484,2022-11-21
18484,2022-11-22
18484,2022-11-23
18484,2022-11-25
18484,2022-11-28
18484,2022-11-29
18484,2022-11-30
18484,2022-12-01
18484,2022-12-02
86356,2013-12-02
86356,2013-12-03
86356,2013-12-04
86356,2013-12-05
86356,2013-12-06
86356,2013-12-09
86356,2013-12-10
86356,2013-12-11
86356,2013-12-12
86356,2013-12-13
86356,2013-12-16
86356,2013-12-17
86356,2013-12-18
86356,2013-12-19
86356,2013-12-20
86356,2013-12-23
86356,2013-12-24
86356,2013-12-26
86356,2013-12-27
86356,2013-12-30
86356,2013-12-31
86356,2014-01-02
86356,2014-01-03
86356,2014-01-06
86356,2014-01-07
86356,2014-01-08
86356,2014-01-09
86356,2014-01-10
86356,2014-01-13
86356,2014-01-14
86356,2014-01-15
86356,2014-01-16
86356,2014-01-17
86356,2014-01-21
86356,2014-01-22
86356,2014-01-23
86356,2014-01-24
86356,2014-01-27
86356,2014-01-28
86356,2014-01-29
86356,2014-01-30
86356,2014-01-31
86356,2014-02-03
86356,2014-02-04
86356,2014-02-05
86356,2014-02-06
86356,2014-02-07
86356,2014-02-10
86356,2014-02-11
86356,2014-02-12
86356,2014-02-13
86356,2014-02-14
86356,2014-02-18
86356,2014-02-19
86356,2014-02-20
86356,2014-02-21
86356,2014-02-24
86356,2014-02-25
86356,2014-02-26
86356,2014-02-27
86356,2014-02-28
86356,2014-03-03
86356,2014-03-04
86356,2014-03-05
86356,2014-03-06
86356,2014-03-07
86356,2014-03-10
86356,2014-03-11
86356,2014-03-12
86356,2014-03-13
86356,2014-03-14
86356,2014-03-17
86356,2014-03-18
86356,2014-03-19
86356,2014-03-20
86356,2014-03-21
86356,2014-03-24
86356,2014-03-25
86356,2014-03-26
86356,2014-03-27
86356,2014-03-28
86356,2014-03-31
86356,2014-04-01
86356,2014-04-02
86356,2014-04-03
86356,2014-04-04
86356,2014-04-07
86356,2014-04-08
86356,2014-04-09
86356,2014-04-10
86356,2014-04-11
86356,2014-04-14
86356,2014-04-15
86356,2014-04-16
86356,2014-04-17
86356,2014-04-21
86356,2014-04-22
86356,2014-04-23
86356,2014-04-24
86356,2014-04-25
86356,2014-04-28
86356,2014-04-29
86356,2014-04-30
86356,2014-05-01
86356,2014-05-02
86356,2014-05-05
86356,2014-05-06
86356,2014-05-07
86356,2014-05-08
86356,2014-05-09
86356,2014-05-12
86356,2014-05-13
86356,2014-05-14
86356,2014-05-15
86356,2014-05-16
86356,2014-05-19
86356,2014-05-20
86356,2014-05-21
86356,2014-05-22
86356,2014-05-23
86356,2014-05-27
86356,2014-05-28
86356,2014-05-29
86356,2014-05-30
86356,2014-06-02
86356,2014-06-03
86356,2014-06-04
86356,2014-06-05
86356,2014-06-06
86356,2014-06-09
86356,2014-06-10
86356,2014-06-11
86356,2014-06-12
86356,2014-06-13
86356,2014-06-16
86356,2014-06-17
86356,2014-06-18
86356,2014-06-19
86356,2014-06-20
86356,2014-06-23
86356,2014-06-24
86356,2014-06-25
86356,2014-06-26
86356,2014-06-27
86356,2014-06-30
86356,2014-07-01
86356,2014-07-02
86356,2014-07-03
86356,2014-07-07
86356,2014-07-08
86356,2014-07-09
86356,2014-07-10
86356,2014-07-11
86356,2014-07-14
86356,2014-07-15
86356,2014-07-16
86356,2014-07-17
86356,2014-07-18
86356,2014-07-21
86356,2014-07-22
86356,2014-07-23
86356,2014-07-24
86356,2014-07-25
86356,2014-07-28
86356,2014-07-29
86356,2014-07-30
86356,2014-07-31
86356,2014-08-01
86356,2014-08-04
86356,2014-08-05
86356,2014-08-06
86356,2014-08-07
86356,2014-08-08
86356,2014-08-11
86356,2014-08-12
86356,2014-08-13
86356,2014-08-14
86356,2014-08-15
86356,2014-08-18
86356,2014-08-19
86356,2014-08-20
86356,2014-08-21
86356,2014-08-22
86356,2014-08-25
86356,2014-08-26
86356,2014-08-27
86356,2014-08-28
86356,2014-08-29
86356,2014-09-02
86356,2014-09-03
86356,2014-09-04
86356,2014-09-05
86356,2014-09-08
86356,2014-09-09
86356,2014-09-10
86356,2014-09-11
86356,2014-09-12
86356,2014-09-15
86356,2014-09-16
86356,2014-09-17
86356,2014-09-18
86356,2014-09-19
86356,2014-09-22
86356,2014-09-23
86356,2014-09-24
86356,2014-09-25
86356,2014-09-26
86356,2014-09-29
86356,2014-09-30
86356,2014-10-01
86356,2014-10-02
86356,2014-10-03
86356,2014-10-06
86356,2014-10-07
86356,2014-10-08
86356,2014-10-09
86356,2014-10-10
86356,2014-10-13
86356,2014-10-14
86356,2014-10-15
86356,2014-10-16
86356,2014-10-17
86356,2014-10-20
86356,2014-10-21
86356,2014-10-22
86356,2014-10-23
86356,2014-10-24
86356,2014-10-27
86356,2014-10-28
86356,2014-10-29
86356,2014-10-30
86356,2014-10-31
86356,2014-11-03
86356,2014-11-04
86356,2014-11-05
86356,2014-11-06
86356,2014-11-07
86356,2014-11-10
86356,2014-11-11
86356,2014-11-12
86356,2014-11-13
86356,2014-11-14
86356,2014-11-17
86356,2014-11-18
86356,2014-11-19
86356,2014-11-20
86356,2014-11-21
86356,2014-11-24
86356,2014-11-25
86356,2014-11-26
86356,2014-11-28
86356,2014-12-01
86356,2014-12-02
86356,2014-12-03
86356,2014-12-04
86356,2014-12-05
86356,2014-12-08
86356,2014-12-09
86356,2014-12-10
86356,2014-12-11
86356,2014-12-12
86356,2014-12-15
86356,2014-12-16
86356,2014-12-17
86356,2014-12-18
86356,2014-12-19
86356,2014-12-22
86356,2014-12-23
86356,2014-12-24
86356,2014-12-26
86356,2014-12-29
86356,2014-12-30
86356,2014-12-31
86356,2015-01-02
86356,2015-01-05
86356,2015-01-06
86356,2015-01-07
86356,2015-01-08
86356,2015-01-09
86356,2015-01-12
86356,2015-01-13
86356,2015-01-14
86356,2015-01-15
86356,2015-01-16
86356,2015-01-20
86356,2015-01-21
86356,2015-01-22
86356,2015-01-23
86356,2015-01-26
86356,2015-01-27
86356,2015-01-28
86356,2015-01-29
86356,2015-01-30
86356,2015-02-02
86356,2015-02-03
86356,2015-02-04
86356,2015-02-05
86356,2015-02-06
86356,2015-02-09
86356,2015-02-10
86356,2015-02-11
86356,2015-02-12
86356,2015-02-13
86356,2015-02-17
86356,2015-02-18
86356,2015-02-19
86356,2015-02-20
86356,2015-02-23
86356,2015-02-24
86356,2015-02-25
86356,2015-02-26
86356,2015-02-27
86356,2015-03-02
86356,2015-03-03
86356,2015-03-04
86356,2015-03-05
86356,2015-03-06
86356,2015-03-09
86356,2015-03-10
86356,2015-03-11
86356,2015-03-12
86356,2015-03-13
86356,2015-03-16
86356,2015-03-17
86356,2015-03-18
86356,2015-03-19
86356,2015-03-20
86356,2015-03-23
86356,2015-03-24
86356,2015-03-25
86356,2015-03-26
86356,2015-03-27
86356,2015-03-30
86356,2015-03-31
86356,2015-04-01
86356,2015-04-02
86356,2015-04-06
86356,2015-04-07
86356,2015-04-08
86356,2015-04-09
86356,2015-04-10
86356,2015-04-13
86356,2015-04-14
86356,2015-04-15
86356,2015-04-16
86356,2015-04-17
86356,2015-04-20
86356,2015-04-21
86356,2015-04-22
86356,2015-04-23
86356,2015-04-24
86356,2015-04-27
86356,2015-04-28
86356,2015-04-29
86356,2015-04-30
86356,2015-05-01
86356,2015-05-04
86356,2015-05-05
86356,2015-05-06
86356,2015-05-07
86356,2015-05-08
86356,2015-05-11
86356,2015-05-12
86356,2015-05-13
86356,2015-05-14
86356,2015-05-15
86356,2015-05-18
86356,2015-05-19
86356,2015-05-20
86356,2015-05-21
86356,2015-05-22
86356,2015-05-26
86356,2015-05-27
86356,2015-05-28
86356,2015-05-29
86356,2015-06-01
86356,2015-06-02
86356,2015-06-03
86356,2015-06-04
86356,2015-06-05
86356,2015-06-08
86356,2015-06-09
86356,2015-06-10
86356,2015-06-11
86356,2015-06-12
86356,2015-06-15
86356,2015-06-16
86356,2015-06-17
86356,2015-06-18
86356,2015-06-19
86356,2015-06-22
86356,2015-06-23
86356,2015-06-24
86356,2015-06-25
86356,2015-06-26
86356,2015-06-29
86356,2015-06-30
86356,2015-07-01
86356,2015-07-02
86356,2015-07-06
86356,2015-07-07
86356,2015-07-08
86356,2015-07-09
86356,2015-07-10
86356,2015-07-13
86356,2015-07-14
86356,2015-07-15
86356,2015-07-16
86356,2015-07-17
86356,2015-07-20
86356,2015-07-21
86356,2015-07-22
86356,2015-07-23
86356,2015-07-24
86356,2015-07-27
86356,2015-07-28
86356,2015-07-29
86356,2015-07-30
86356,2015-07-31
86356,2015-08-03
86356,2015-08-04
86356,2015-08-05
86356,2015-08-06
86356,2015-08-07
86356,2015-08-10
86356,2015-08-11
86356,2015-08-12
86356,2015-08-13
86356,2015-08-14
86356,2015-08-17
86356,2015-08-18
86356,2015-08-19
86356,2015-08-20
86356,2015-08-21
86356,2015-08-24
86356,2015-08-25
86356,2015-08-26
86356,2015-08-27
86356,2015-08-28
86356,2015-08-31
86356,2015-09-01
86356,2015-09-02
86356,2015-09-03
86356,2015-09-04
86356,2015-09-08
86356,2015-09-09
86356,2015-09-10
86356,2015-09-11
86356,2015-09-14
86356,2015-09-15
86356,2015-09-16
86356,2015-09-17
86356,2015-09-18
86356,2015-09-21
86356,2015-09-22
86356,2015-09-23
86356,2015-09-24
86356,2015-09-25
86356,2015-09-28
86356,2015-09-29
86356,2015-09-30
86356,2015-10-01
86356,2015-10-02
86356,2015-10-05
86356,2015-10-06
86356,2015-10-07
86356,2015-10-08
86356,2015-10-09
86356,2015-10-12
86356,2015-10-13
86356,2015-10-14
86356,2015-10-15
86356,2015-10-16
86356,2015-10-19
86356,2015-10-20
86356,2015-10-21
86356,2015-10-22
86356,2015-10-23
86356,2015-10-26
86356,2015-10-27
86356,2015-10-28
86356,2015-10-29
86356,2015-10-30
86356,2015-11-02
86356,2015-11-03
86356,2015-11-04
86356,2015-11-05
86356,2015-11-06
86356,2015-11-09
86356,2015-11-10
86356,2015-11-11
86356,2015-11-12
86356,2015-11-13
86356,2015-11-16
86356,2015-11-17
86356,2015-11-18
86356,2015-11-19
86356,2015-11-20
86356,2015-11-23
86356,2015-11-24
86356,2015-11-25
86356,2015-11-27
86356,2015-11-30
86356,2015-12-01
86356,2015-12-02
86356,2015-12-03
86356,2015-12-04
86356,2015-12-07
86356,2015-12-08
86356,2015-12-09
86356,2015-12-10
86356,2015-12-11
86356,2015-12-14
86356,2015-12-15
86356,2015-12-16
86356,2015-12-17
86356,2015-12-18
86356,2015-12-21
86356,2015-12-22
86356,2015-12-23
86356,2015-12-24
86356,2015-12-28
86356,2015-12-29
86356,2015-12-30
86356,2015-12-31
86356,2016-01-04
86356,2016-01-05
86356,2016-01-06
86356,2016-01-07
86356,2016-01-08
86356,2016-01-11
86356,2016-01-12
86356,2016-01-13
86356,2016-01-14
86356,2016-01-15
86356,2016-01-19
86356,2016-01-20
86356,2016-01-21
86356,2016-01-22
86356,2016-01-25
86356,2016-01-26
86356,2016-01-27
86356,2016-01-28
86356,2016-01-29
86356,2016-02-01
86356,2016-02-02
86356,2016-02-03
86356,2016-02-04
86356,2016-02-05
86356,2016-02-08
86356,2016-02-09
86356,2016-02-10
86356,2016-02-11
86356,2016-02-12
86356,2016-02-16
86356,2016-02-17
86356,2016-02-18
86356,2016-02-19
86356,2016-02-22
86356,2016-02-23
86356,2016-02-24
86356,2016-02-25
86356,2016-02-26
86356,2016-02-29
86356,2016-03-01
86356,2016-03-02
86356,2016-03-03
86356,2016-03-04
86356,2016-03-07
86356,2016-03-08
86356,2016-03-09
86356,2016-03-10
86356,2016-03-11
86356,2016-03-14
86356,2016-03-15
86356,2016-03-16
86356,2016-03-17
86356,2016-03-18
86356,2016-03-21
86356,2016-03-22
86356,2016-03-23
86356,2016-03-24
86356,2016-03-28
86356,2016-03-29
86356,2016-03-30
86356,2016-03-31
86356,2016-04-01
86356,2016-04-04
86356,2016-04-05
86356,2016-04-06
86356,2016-04-07
86356,2016-04-08
86356,2016-04-11
86356,2016-04-12
86356,2016-04-13
86356,2016-04-14
86356,2016-04-15
86356,2016-04-18
86356,2016-04-19
86356,2016-04-20
86356,2016-04-21
86356,2016-04-22
86356,2016-04-25
86356,2016-04-26
86356,2016-04-27
86356,2016-04-28
86356,2016-04-29
86356,2016-05-02
86356,2016-05-03
86356,2016-05-04
86356,2016-05-05
86356,2016-05-06
86356,2016-05-09
86356,2016-05-10
86356,2016-05-11
86356,2016-05-12
86356,2016-05-13
86356,2016-05-16
86356,2016-05-17
86356,2016-05-18
86356,2016-05-19
86356,2016-05-20
86356,2016-05-23
86356,2016-05-24
86356,2016-05-25
86356,2016-05-26
86356,2016-05-27
86356,2016-05-31
86356,2016-06-01
86356,2016-06-02
86356,2016-06-03
86356,2016-06-06
86356,2016-06-07
86356,2016-06-08
86356,2016-06-09
86356,2016-06-10
86356,2016-06-13
86356,2016-06-14
86356,2016-06-15
86356,2016-06-16
86356,2016-06-17
86356,2016-06-20
86356,2016-06-21
86356,2016-06-22
86356,2016-06-23
86356,2016-06-24
86356,2016-06-27
86356,2016-06-28
86356,2016-06-29
86356,2016-06-30
86356,2016-07-01
86356,2016-07-05
86356,2016-07-06
86356,2016-07-07
86356,2016-07-08
86356,2016-07-11
86356,2016-07-12
86356,2016-07-13
86356,2016-07-14
86356,2016-07-15
86356,2016-07-18
86356,2016-07-19
86356,2016-07-20
86356,2016-07-21
86356,2016-07-22
86356,2016-07-25
86356,2016-07-26
86356,2016-07-27
86356,2016-07-28
86356,2016-07-29
86356,2016-08-01
86356,2016-08-02
86356,2016-08-03
86356,2016-08-04
86356,2016-08-05
86356,2016-08-08
86356,2016-08-09
86356,2016-08-10
86356,2016-08-11
86356,2016-08-12
86356,2016-08-15
86356,2016-08-16
86356,2016-08-17
86356,2016-08-18
86356,2016-08-19
86356,2016-08-22
86356,2016-08-23
86356,2016-08-24
86356,2016-08-25
86356,2016-08-26
86356,2016-08-29
86356,2016-08-30
86356,2016-08-31
86356,2016-09-01
86356,2016-09-02
86356,2016-09-06
86356,2016-09-07
86356,2016-09-08
86356,2016-09-09
86356,2016-09-12
86356,2016-09-13
86356,2016-09-14
86356,2016-09-15
86356,2016-09-16
86356,2016-09-19
86356,2016-09-20
86356,2016-09-21
86356,2016-09-22
86356,2016-09-23
86356,2016-09-26
86356,2016-09-27
86356,2016-09-28
86356,2016-09-29
86356,2016-09-30
86356,2016-10-03
86356,2016-10-04
86356,2016-10-05
86356,2016-10-06
86356,2016-10-07
86356,2016-10-10
86356,2016-10-11
86356,2016-10-12
86356,2016-10-13
86356,2016-10-14
86356,2016-10-17
86356,2016-10-18
86356,2016-10-19
86356,2016-10-20
86356,2016-10-21
86356,2016-10-24
86356,2016-10-25
86356,2016-10-26
86356,2016-10-27
86356,2016-10-28
86356,2016-10-31
86356,2016-11-01
86356,2016-11-02
86356,2016-11-03
86356,2016-11-04
86356,2016-11-07
86356,2016-11-08
86356,2016-11-09
86356,2016-11-10
86356,2016-11-11
86356,2016-11-14
86356,2016-11-15
86356,2016-11-16
86356,2016-11-17
86356,2016-11-18
86356,2016-11-21
86356,2016-11-22
86356,2016-11-23
86356,2016-11-25
86356,2016-11-28
86356,2016-11-29
86356,2016-11-30
86356,2016-12-01
86356,2016-12-02
86356,2016-12-05
86356,2016-12-06
86356,2016-12-07
86356,2016-12-08
86356,2016-12-09
86356,2016-12-12
86356,2016-12-13
86356,2016-12-14
86356,2016-12-15
86356,2016-12-16
86356,2016-12-19
86356,2016-12-20
86356,2016-12-21
86356,2016-12-22
86356,2016-12-23
86356,2016-12-27
86356,2016-12-28
86356,2016-12-29
86356,2016-12-30
86356,2017-01-03
86356,2017-01-04
86356,2017-01-05
86356,2017-01-06
86356,2017-01-09
86356,2017-01-10
86356,2017-01-11
86356,2017-01-12
86356,2017-01-13
86356,2017-01-17
86356,2017-01-18
86356,2017-01-19
86356,2017-01-20
86356,2017-01-23
86356,2017-01-24
86356,2017-01-25
86356,2017-01-26
86356,2017-01-27
86356,2017-01-30
86356,2017-01-31
86356,2017-02-01
86356,2017-02-02
86356,2017-02-03
86356,2017-02-06
86356,2017-02-07
86356,2017-02-08
86356,2017-02-09
86356,2017-02-10
86356,2017-02-13
86356,2017-02-14
86356,2017-02-15
86356,2017-02-16
86356,2017-02-17
86356,2017-02-21
86356,2017-02-22
86356,2017-02-23
86356,2017-02-24
86356,2017-02-27
86356,2017-02-28
86356,2017-03-01
86356,2017-03-02
86356,2017-03-03
86356,2017-03-06
86356,2017-03-07
86356,2017-03-08
86356,2017-03-09
86356,2017-03-10
86356,2017-03-13
86356,2017-03-14
86356,2017-03-15
86356,2017-03-16
86356,2017-03-17
86356,2017-03-20
86356,2017-03-21
86356,2017-03-22
86356,2017-03-23
86356,2017-03-24
86356,2017-03-27
86356,2017-03-28
86356,2017-03-29
86356,2017-03-30
86356,2017-03-31
86356,2017-04-03
86356,2017-04-04
86356,2017-04-05
86356,2017-04-06
86356,2017-04-07
86356,2017-04-10
86356,2017-04-11
86356,2017-04-12
86356,2017-04-13
86356,2017-04-17
86356,2017-04-18
86356,2017-04-19
86356,2017-04-20
86356,2017-04-21
86356,2017-04-24
86356,2017-04-25
86356,2017-04-26
86356,2017-04-27
86356,2017-04-28
86356,2017-05-01
86356,2017-05-02
86356,2017-05-03
86356,2017-05-04
86356,2017-05-05
86356,2017-05-08
86356,2017-05-09
86356,2017-05-10
86356,2017-05-11
86356,2017-05-12
86356,2017-05-15
86356,2017-05-16
86356,2017-05-17
86356,2017-05-18
86356,2017-05-19
86356,2017-05-22
86356,2017-05-23
86356,2017-05-24
86356,2017-05-25
86356,2017-05-26
86356,2017-05-30
86356,2017-05-31
86356,2017-06-01
86356,2017-06-02
86356,2017-06-05
86356,2017-06-06
86356,2017-06-07
86356,2017-06-08
86356,2017-06-09
86356,2017-06-12
86356,2017-06-13
86356,2017-06-14
86356,2017-06-15
86356,2017-06-16
86356,2017-06-19
86356,2017-06-20
86356,2017-06-21
86356,2017-06-22
86356,2017-06-23
86356,2017-06-26
86356,2017-06-27
86356,2017-06-28
86356,2017-06-29
86356,2017-06-30
86356,2017-07-03
86356,2017-07-05
86356,2017-07-06
86356,2017-07-07
86356,2017-07-10
86356,2017-07-11
86356,2017-07-12
86356,2017-07-13
86356,2017-07-14
86356,2017-07-17
86356,2017-07-18
86356,2017-07-19
86356,2017-07-20
86356,2017-07-21
86356,2017-07-24
86356,2017-07-25
86356,2017-07-26
86356,2017-07-27
86356,2017-07-28
86356,2017-07-31
86356,2017-08-01
86356,2017-08-02
86356,2017-08-03
86356,2017-08-04
86356,2017-08-07
86356,2017-08-08
86356,2017-08-09
86356,2017-08-10
86356,2017-08-11
86356,2017-08-14
86356,2017-08-15
86356,2017-08-16
86356,2017-08-17
86356,2017-08-18
86356,2017-08-21
86356,2017-08-22
86356,2017-08-23
86356,2017-08-24
86356,2017-08-25
86356,2017-08-28
86356,2017-08-29
86356,2017-08-30
86356,2017-08-31
86356,2017-09-01
86356,2017-09-05
86356,2017-09-06
86356,2017-09-07
86356,2017-09-08
86356,2017-09-11
86356,2017-09-12
86356,2017-09-13
86356,2017-09-14
86356,2017-09-15
86356,2017-09-18
86356,2017-09-19
86356,2017-09-20
86356,2017-09-21
86356,2017-09-22
86356,2017-09-25
86356,2017-09-26
86356,2017-09-27
86356,2017-09-28
86356,2017-09-29
86356,2017-10-02
86356,2017-10-03
86356,2017-10-04
86356,2017-10-05
86356,2017-10-06
86356,2017-10-09
86356,2017-10-10
86356,2017-10-11
86356,2017-10-12
86356,2017-10-13
86356,2017-10-16
86356,2017-10-17
86356,2017-10-18
86356,2017-10-19
86356,2017-10-20
86356,2017-10-23
86356,2017-10-24
86356,2017-10-25
86356,2017-10-26
86356,2017-10-27
86356,2017-10-30
86356,2017-10-31
86356,2017-11-01
86356,2017-11-02
86356,2017-11-03
86356,2017-11-06
86356,2017-11-07
86356,2017-11-08
86356,2017-11-09
86356,2017-11-10
86356,2017-11-13
86356,2017-11-14
86356,2017-11-15
86356,2017-11-16
86356,2017-11-17
86356,2017-11-20
86356,2017-11-21
86356,2017-11-22
86356,2017-11-24
86356,2017-11-27
86356,2017-11-28
86356,2017-11-29
86356,2017-11-30
86356,2017-12-01
86356,2017-12-04
86356,2017-12-05
86356,2017-12-06
86356,2017-12-07
86356,2017-12-08
86356,2017-12-11
86356,2017-12-12
86356,2017-12-13
86356,2017-12-14
86356,2017-12-15
86356,2017-12-18
86356,2017-12-19
86356,2017-12-20
86356,2017-12-21
86356,2017-12-22
86356,2017-12-26
86356,2017-12-27
86356,2017-12-28
86356,2017-12-29
86356,2018-01-02
86356,2018-01-03
86356,2018-01-04
86356,2018-01-05
86356,2018-01-08
86356,2018-01-09
86356,2018-01-10
86356,2018-01-11
86356,2018-01-12
86356,2018-01-16
86356,2018-01-17
86356,2018-01-18
86356,2018-01-19
86356,2018-01-22
86356,2018-01-23
86356,2018-01-24
86356,2018-01-25
86356,2018-01-26
86356,2018-01-29
86356,2018-01-30
86356,2018-01-31
86356,2018-02-01
86356,2018-02-02
86356,2018-02-05
86356,2018-02-06
86356,2018-02-07
86356,2018-02-08
86356,2018-02-09
86356,2018-02-12
86356,2018-02-13
86356,2018-02-14
86356,2018-02-15
86356,2018-02-16
86356,2018-02-20
86356,2018-02-21
86356,2018-02-22
86356,2018-02-23
86356,2018-02-26
86356,2018-02-27
86356,2018-02-28
86356,2018-03-01
86356,2018-03-02
86356,2018-03-05
86356,2018-03-06
86356,2018-03-07
86356,2018-03-08
86356,2018-03-09
86356,2018-03-12
86356,2018-03-13
86356,2018-03-14
86356,2018-03-15
86356,2018-03-16
86356,2018-03-19
86356,2018-03-20
86356,2018-03-21
86356,2018-03-22
86356,2018-03-23
86356,2018-03-26
86356,2018-03-27
86356,2018-03-28
86356,2018-03-29
86356,2018-04-02
86356,2018-04-03
86356,2018-04-04
86356,2018-04-05
86356,2018-04-06
86356,2018-04-09
86356,2018-04-10
86356,2018-04-11
86356,2018-04-12
86356,2018-04-13
86356,2018-04-16
86356,2018-04-17
86356,2018-04-18
86356,2018-04-19
86356,2018-04-20
86356,2018-04-23
86356,2018-04-24
86356,2018-04-25
86356,2018-04-26
86356,2018-04-27
86356,2018-04-30
86356,2018-05-01
86356,2018-05-02
86356,2018-05-03
86356,2018-05-04
86356,2018-05-07
86356,2018-05-08
86356,2018-05-09
86356,2018-05-10
86356,2018-05-11
86356,2018-05-14
86356,2018-05-15
86356,2018-05-16
86356,2018-05-17
86356,2018-05-18
86356,2018-05-21
86356,2018-05-22
86356,2018-05-23
86356,2018-05-24
86356,2018-05-25
86356,2018-05-29
86356,2018-05-30
86356,2018-05-31
86356,2018-06-01
86356,2018-06-04
86356,2018-06-05
86356,2018-06-06
86356,2018-06-07
86356,2018-06-08
86356,2018-06-11
86356,2018-06-12
86356,2018-06-13
86356,2018-06-14
86356,2018-06-15
86356,2018-06-18
86356,2018-06-19
86356,2018-06-20
86356,2018-06-21
86356,2018-06-22
86356,2018-06-25
86356,2018-06-26
86356,2018-06-27
86356,2018-06-28
86356,2018-06-29
86356,2018-07-02
86356,2018-07-03
86356,2018-07-05
86356,2018-07-06
86356,2018-07-09
86356,2018-07-10
86356,2018-07-11
86356,2018-07-12
86356,2018-07-13
86356,2018-07-16
86356,2018-07-17
86356,2018-07-18
86356,2018-07-19
86356,2018-07-20
86356,2018-07-23
86356,2018-07-24
86356,2018-07-25
86356,2018-07-26
86356,2018-07-27
86356,2018-07-30
86356,2018-07-31
86356,2018-08-01
86356,2018-08-02
86356,2018-08-03
86356,2018-08-06
86356,2018-08-07
86356,2018-08-08
86356,2018-08-09
86356,2018-08-10
86356,2018-08-13
86356,2018-08-14
86356,2018-08-15
86356,2018-08-16
86356,2018-08-17
86356,2018-08-20
86356,2018-08-21
86356,2018-08-22
86356,2018-08-23
86356,2018-08-24
86356,2018-08-27
86356,2018-08-28
86356,2018-08-29
86356,2018-08-30
86356,2018-08-31
86356,2018-09-04
86356,2018-09-05
86356,2018-09-06
86356,2018-09-07
86356,2018-09-10
86356,2018-09-11
86356,2018-09-12
86356,2018-09-13
86356,2018-09-14
86356,2018-09-17
86356,2018-09-18
86356,2018-09-19
86356,2018-09-20
86356,2018-09-21
86356,2018-09-24
86356,2018-09-25
86356,2018-09-26
86356,2018-09-27
86356,2018-09-28
86356,2018-10-01
86356,2018-10-02
86356,2018-10-03
86356,2018-10-04
86356,2018-10-05
86356,2018-10-08
86356,2018-10-09
86356,2018-10-10
86356,2018-10-11
86356,2018-10-12
86356,2018-10-15
86356,2018-10-16
86356,2018-10-17
86356,2018-10-18
86356,2018-10-19
86356,2018-10-22
86356,2018-10-23
86356,2018-10-24
86356,2018-10-25
86356,2018-10-26
86356,2018-10-29
86356,2018-10-30
86356,2018-10-31
86356,2018-11-01
86356,2018-11-02
86356,2018-11-05
86356,2018-11-06
86356,2018-11-07
86356,2018-11-08
86356,2018-11-09
86356,2018-11-12
86356,2018-11-13
86356,2018-11-14
86356,2018-11-15
86356,2018-11-16
86356,2018-11-19
86356,2018-11-20
86356,2018-11-21
86356,2018-11-23
86356,2018-11-26
86356,2018-11-27
86356,2018-11-28
86356,2018-11-29
86356,2018-11-30
86356,2018-12-03
86356,2018-12-04
86356,2018-12-06
86356,2018-12-07
86356,2018-12-10
86356,2018-12-11
86356,2018-12-12
86356,2018-12-13
86356,2018-12-14
86356,2018-12-17
86356,2018-12-18
86356,2018-12-19
86356,2018-12-20
86356,2018-12-21
86356,2018-12-24
86356,2018-12-26
86356,2018-12-27
86356,2018-12-28
86356,2018-12-31
86356,2019-01-02
86356,2019-01-03
86356,2019-01-04
86356,2019-01-07
86356,2019-01-08
86356,2019-01-09
86356,2019-01-10
86356,2019-01-11
86356,2019-01-14
86356,2019-01-15
86356,2019-01-16
86356,2019-01-17
86356,2019-01-18
86356,2019-01-22
86356,2019-01-23
86356,2019-01-24
86356,2019-01-25
86356,2019-01-28
86356,2019-01-29
86356,2019-01-30
86356,2019-01-31
86356,2019-02-01
86356,2019-02-04
86356,2019-02-05
86356,2019-02-06
86356,2019-02-07
86356,2019-02-08
86356,2019-02-11
86356,2019-02-12
86356,2019-02-13
86356,2019-02-14
86356,2019-02-15
86356,2019-02-19
86356,2019-02-20
86356,2019-02-21
86356,2019-02-22
86356,2019-02-25
86356,2019-02-26
86356,2019-02-27
86356,2019-02-28
86356,2019-03-01
86356,2019-03-04
86356,2019-03-05
86356,2019-03-06
86356,2019-03-07
86356,2019-03-08
86356,2019-03-11
86356,2019-03-12
86356,2019-03-13
86356,2019-03-14
86356,2019-03-15
86356,2019-03-18
86356,2019-03-19
86356,2019-03-20
86356,2019-03-21
86356,2019-03-22
86356,2019-03-25
86356,2019-03-26
86356,2019-03-27
86356,2019-03-28
86356,2019-03-29
86356,2019-04-01
86356,2019-04-02
86356,2019-04-03
86356,2019-04-04
86356,2019-04-05
86356,2019-04-08
86356,2019-04-09
86356,2019-04-10
86356,2019-04-11
86356,2019-04-12
86356,2019-04-15
86356,2019-04-16
86356,2019-04-17
86356,2019-04-18
86356,2019-04-22
86356,2019-04-23
86356,2019-04-24
86356,2019-04-25
86356,2019-04-26
86356,2019-04-29
86356,2019-04-30
86356,2019-05-01
86356,2019-05-02
86356,2019-05-03
86356,2019-05-06
86356,2019-05-07
86356,2019-05-08
86356,2019-05-09
86356,2019-05-10
86356,2019-05-13
86356,2019-05-14
86356,2019-05-15
86356,2019-05-16
86356,2019-05-17
86356,2019-05-20
86356,2019-05-21
86356,2019-05-22
86356,2019-05-23
86356,2019-05-24
86356,2019-05-28
86356,2019-05-29
86356,2019-05-30
86356,2019-05-31
86356,2019-06-03
86356,2019-06-04
86356,2019-06-05
86356,2019-06-06
86356,2019-06-07
86356,2019-06-10
86356,2019-06-11
86356,2019-06-12
86356,2019-06-13
86356,2019-06-14
86356,2019-06-17
86356,2019-06-18
86356,2019-06-19
86356,2019-06-20
86356,2019-06-21
86356,2019-06-24
86356,2019-06-25
86356,2019-06-26
86356,2019-06-27
86356,2019-06-28
86356,2019-07-01
86356,2019-07-02
86356,2019-07-03
86356,2019-07-05
86356,2019-07-08
86356,2019-07-09
86356,2019-07-10
86356,2019-07-11
86356,2019-07-12
86356,2019-07-15
86356,2019-07-16
86356,2019-07-17
86356,2019-07-18
86356,2019-07-19
86356,2019-07-22
86356,2019-07-23
86356,2019-07-24
86356,2019-07-25
86356,2019-07-26
86356,2019-07-29
86356,2019-07-30
86356,2019-07-31
86356,2019-08-01
86356,2019-08-02
86356,2019-08-05
86356,2019-08-06
86356,2019-08-07
86356,2019-08-08
86356,2019-08-09
86356,2019-08-12
86356,2019-08-13
86356,2019-08-14
86356,2019-08-15
86356,2019-08-16
86356,2019-08-19
86356,2019-08-20
86356,2019-08-21
86356,2019-08-22
86356,2019-08-23
86356,2019-08-26
86356,2019-08-27
86356,2019-08-28
86356,2019-08-29
86356,2019-08-30
86356,2019-09-03
86356,2019-09-04
86356,2019-09-05
86356,2019-09-06
86356,2019-09-09
86356,2019-09-10
86356,2019-09-11
86356,2019-09-12
86356,2019-09-13
86356,2019-09-16
86356,2019-09-17
86356,2019-09-18
86356,2019-09-19
86356,2019-09-20
86356,2019-09-23
86356,2019-09-24
86356,2019-09-25
86356,2019-09-26
86356,2019-09-27
86356,2019-09-30
86356,2019-10-01
86356,2019-10-02
86356,2019-10-03
86356,2019-10-04
86356,2019-10-07
86356,2019-10-08
86356,2019-10-09
86356,2019-10-10
86356,2019-10-11
86356,2019-10-14
86356,2019-10-15
86356,2019-10-16
86356,2019-10-17
86356,2019-10-18
86356,2019-10-21
86356,2019-10-22
86356,2019-10-23
86356,2019-10-24
86356,2019-10-25
86356,2019-10-28
86356,2019-10-29
86356,2019-10-30
86356,2019-10-31
86356,2019-11-01
86356,2019-11-04
86356,2019-11-05
86356,2019-11-06
86356,2019-11-07
86356,2019-11-08
86356,2019-11-11
86356,2019-11-12
86356,2019-11-13
86356,2019-11-14
86356,2019-11-15
86356,2019-11-18
86356,2019-11-19
86356,2019-11-20
86356,2019-11-21
86356,2019-11-22
86356,2019-11-25
86356,2019-11-26
86356,2019-11-27
86356,2019-11-29
86356,2019-12-02
86356,2019-12-03
86356,2019-12-04
86356,2019-12-05
86356,2019-12-06
86356,2019-12-09
86356,2019-12-10
86356,2019-12-11
86356,2019-12-12
86356,2019-12-13
86356,2019-12-16
86356,2019-12-17
86356,2019-12-18
86356,2019-12-19
86356,2019-12-20
86356,2019-12-23
86356,2019-12-24
86356,2019-12-26
86356,2019-12-27
86356,2019-12-30
86356,2019-12-31
86356,2020-01-02
86356,2020-01-03
86356,2020-01-06
86356,2020-01-07
86356,2020-01-08
86356,2020-01-09
86356,2020-01-10
86356,2020-01-13
86356,2020-01-14
86356,2020-01-15
86356,2020-01-16
86356,2020-01-17
86356,2020-01-21
86356,2020-01-22
86356,2020-01-23
86356,2020-01-24
86356,2020-01-27
86356,2020-01-28
86356,2020-01-29
86356,2020-01-30
86356,2020-01-31
86356,2020-02-03
86356,2020-02-04
86356,2020-02-05
86356,2020-02-06
86356,2020-02-07
86356,2020-02-10
86356,2020-02-11
86356,2020-02-12
86356,2020-02-13
86356,2020-02-14
86356,2020-02-18
86356,2020-02-19
86356,2020-02-20
86356,2020-02-21
86356,2020-02-24
86356,2020-02-25
86356,2020-02-26
86356,2020-02-27
86356,2020-02-28
86356,2020-03-02
86356,2020-03-03
86356,2020-03-04
86356,2020-03-05
86356,2020-03-06
86356,2020-03-09
86356,2020-03-10
86356,2020-03-11
86356,2020-03-12
86356,2020-03-13
86356,2020-03-16
86356,2020-03-17
86356,2020-03-18
86356,2020-03-19
86356,2020-03-20
86356,2020-03-23
86356,2020-03-24
86356,2020-03-25
86356,2020-03-26
86356,2020-03-27
86356,2020-03-30
86356,2020-03-31
86356,2020-04-01
86356,2020-04-02
86356,2020-04-03
86356,2020-04-06
86356,2020-04-07
86356,2020-04-08
86356,2020-04-09
86356,2020-04-13
86356,2020-04-14
86356,2020-04-15
86356,2020-04-16
86356,2020-04-17
86356,2020-04-20
86356,2020-04-21
86356,2020-04-22
86356,2020-04-23
86356,2020-04-24
86356,2020-04-27
86356,2020-04-28
86356,2020-04-29
86356,2020-04-30
86356,2020-05-01
86356,2020-05-04
86356,2020-05-05
86356,2020-05-06
86356,2020-05-07
86356,2020-05-08
86356,2020-05-11
86356,2020-05-12
86356,2020-05-13
86356,2020-05-14
86356,2020-05-15
86356,2020-05-18
86356,2020-05-19
86356,2020-05-20
86356,2020-05-21
86356,2020-05-22
86356,2020-05-26
86356,2020-05-27
86356,2020-05-28
86356,2020-05-29
86356,2020-06-01
86356,2020-06-02
86356,2020-06-03
86356,2020-06-04
86356,2020-06-05
86356,2020-06-08
86356,2020-06-09
86356,2020-06-10
86356,2020-06-11
86356,2020-06-12
86356,2020-06-15
86356,2020-06-16
86356,2020-06-17
86356,2020-06-18
86356,2020-06-19
86356,2020-06-22
86356,2020-06-23
86356,2020-06-24
86356,2020-06-25
86356,2020-06-26
86356,2020-06-29
86356,2020-06-30
86356,2020-07-01
86356,2020-07-02
86356,2020-07-06
86356,2020-07-07
86356,2020-07-08
86356,2020-07-09
86356,2020-07-10
86356,2020-07-13
86356,2020-07-14
86356,2020-07-15
86356,2020-07-16
86356,2020-07-17
86356,2020-07-20
86356,2020-07-21
86356,2020-07-22
86356,2020-07-23
86356,2020-07-24
86356,2020-07-27
86356,2020-07-28
86356,2020-07-29
86356,2020-07-30
86356,2020-07-31
86356,2020-08-03
86356,2020-08-04
86356,2020-08-05
86356,2020-08-06
86356,2020-08-07
86356,2020-08-10
86356,2020-08-11
86356,2020-08-12
86356,2020-08-13
86356,2020-08-14
86356,2020-08-17
86356,2020-08-18
86356,2020-08-19
86356,2020-08-20
86356,2020-08-21
86356,2020-08-24
86356,2020-08-25
86356,2020-08-26
86356,2020-08-27
86356,2020-08-28
86356,2020-08-31
86356,2020-09-01
86356,2020-09-02
86356,2020-09-03
86356,2020-09-04
86356,2020-09-08
86356,2020-09-09
86356,2020-09-10
86356,2020-09-11
86356,2020-09-14
86356,2020-09-15
86356,2020-09-16
86356,2020-09-17
86356,2020-09-18
86356,2020-09-21
86356,2020-09-22
86356,2020-09-23
86356,2020-09-24
86356,2020-09-25
86356,2020-09-28
86356,2020-09-29
86356,2020-09-30
86356,2020-10-01
86356,2020-10-02
86356,2020-10-05
86356,2020-10-06
86356,2020-10-07
86356,2020-10-08
86356,2020-10-09
86356,2020-10-12
86356,2020-10-13
86356,2020-10-14
86356,2020-10-15
86356,2020-10-16
86356,2020-10-19
86356,2020-10-20
86356,2020-10-21
86356,2020-10-22
86356,2020-10-23
86356,2020-10-26
86356,2020-10-27
86356,2020-10-28
86356,2020-10-29
86356,2020-10-30
86356,2020-11-02
86356,2020-11-03
86356,2020-11-04
86356,2020-11-05
86356,2020-11-06
86356,2020-11-09
86356,2020-11-10
86356,2020-11-11
86356,2020-11-12
86356,2020-11-13
86356,2020-11-16
86356,2020-11-17
86356,2020-11-18
86356,2020-11-19
86356,2020-11-20
86356,2020-11-23
86356,2020-11-24
86356,2020-11-25
86356,2020-11-27
86356,2020-11-30
86356,2020-12-01
86356,2020-12-02
86356,2020-12-03
86356,2020-12-04
86356,2020-12-07
86356,2020-12-08
86356,2020-12-09
86356,2020-12-10
86356,2020-12-11
86356,2020-12-14
86356,2020-12-15
86356,2020-12-16
86356,2020-12-17
86356,2020-12-18
86356,2020-12-21
86356,2020-12-22
86356,2020-12-23
86356,2020-12-24
86356,2020-12-28
86356,2020-12-29
86356,2020-12-30
86356,2020-12-31
86356,2021-01-04
86356,2021-01-05
86356,2021-01-06
86356,2021-01-07
86356,2021-01-08
86356,2021-01-11
86356,2021-01-12
86356,2021-01-13
86356,2021-01-14
86356,2021-01-15
86356,2021-01-19
86356,2021-01-20
86356,2021-01-21
86356,2021-01-22
86356,2021-01-25
86356,2021-01-26
86356,2021-01-27
86356,2021-01-28
86356,2021-01-29
86356,2021-02-01
86356,2021-02-02
86356,2021-02-03
86356,2021-02-04
86356,2021-02-05
86356,2021-02-08
86356,2021-02-09
86356,2021-02-10
86356,2021-02-11
86356,2021-02-12
86356,2021-02-16
86356,2021-02-17
86356,2021-02-18
86356,2021-02-19
86356,2021-02-22
86356,2021-02-23
86356,2021-02-24
86356,2021-02-25
86356,2021-02-26
86356,2021-03-01
86356,2021-03-02
86356,2021-03-03
86356,2021-03-04
86356,2021-03-05
86356,2021-03-08
86356,2021-03-09
86356,2021-03-10
86356,2021-03-11
86356,2021-03-12
86356,2021-03-15
86356,2021-03-16
86356,2021-03-17
86356,2021-03-18
86356,2021-03-19
86356,2021-03-22
86356,2021-03-23
86356,2021-03-24
86356,2021-03-25
86356,2021-03-26
86356,2021-03-29
86356,2021-03-30
86356,2021-03-31
86356,2021-04-01
86356,2021-04-05
86356,2021-04-06
86356,2021-04-07
86356,2021-04-08
86356,2021-04-09
86356,2021-04-12
86356,2021-04-13
86356,2021-04-14
86356,2021-04-15
86356,2021-04-16
86356,2021-04-19
86356,2021-04-20
86356,2021-04-21
86356,2021-04-22
86356,2021-04-23
86356,2021-04-26
86356,2021-04-27
86356,2021-04-28
86356,2021-04-29
86356,2021-04-30
86356,2021-05-03
86356,2021-05-04
86356,2021-05-05
86356,2021-05-06
86356,2021-05-07
86356,2021-05-10
86356,2021-05-11
86356,2021-05-12
86356,2021-05-13
86356,2021-05-14
86356,2021-05-17
86356,2021-05-18
86356,2021-05-19
86356,2021-05-20
86356,2021-05-21
86356,2021-05-24
86356,2021-05-25
86356,2021-05-26
86356,2021-05-27
86356,2021-05-28
86356,2021-06-01
86356,2021-06-02
86356,2021-06-03
86356,2021-06-04
86356,2021-06-07
86356,2021-06-08
86356,2021-06-09
86356,2021-06-10
86356,2021-06-11
86356,2021-06-14
86356,2021-06-15
86356,2021-06-16
86356,2021-06-17
86356,2021-06-18
86356,2021-06-21
86356,2021-06-22
86356,2021-06-23
86356,2021-06-24
86356,2021-06-25
86356,2021-06-28
86356,2021-06-29
86356,2021-06-30
86356,2021-07-01
86356,2021-07-02
86356,2021-07-06
86356,2021-07-07
86356,2021-07-08
86356,2021-07-09
86356,2021-07-12
86356,2021-07-13
86356,2021-07-14
86356,2021-07-15
86356,2021-07-16
86356,2021-07-19
86356,2021-07-20
86356,2021-07-21
86356,2021-07-22
86356,2021-07-23
86356,2021-07-26
86356,2021-07-27
86356,2021-07-28
86356,2021-07-29
86356,2021-07-30
86356,2021-08-02
86356,2021-08-03
86356,2021-08-04
86356,2021-08-05
86356,2021-08-06
86356,2021-08-09
86356,2021-08-10
86356,2021-08-11
86356,2021-08-12
86356,2021-08-13
86356,2021-08-16
86356,2021-08-17
86356,2021-08-18
86356,2021-08-19
86356,2021-08-20
86356,2021-08-23
86356,2021-08-24
86356,2021-08-25
86356,2021-08-26
86356,2021-08-27
86356,2021-08-30
86356,2021-08-31
86356,2021-09-01
86356,2021-09-02
86356,2021-09-03
86356,2021-09-07
86356,2021-09-08
86356,2021-09-09
86356,2021-09-10
86356,2021-09-13
86356,2021-09-14
86356,2021-09-15
86356,2021-09-16
86356,2021-09-17
86356,2021-09-20
86356,2021-09-21
86356,2021-09-22
86356,2021-09-23
86356,2021-09-24
86356,2021-09-27
86356,2021-09-28
86356,2021-09-29
86356,2021-09-30
86356,2021-10-01
86356,2021-10-04
86356,2021-10-05
86356,2021-10-06
86356,2021-10-07
86356,2021-10-08
86356,2021-10-11
86356,2021-10-12
86356,2021-10-13
86356,2021-10-14
86356,2021-10-15
86356,2021-10-18
86356,2021-10-19
86356,2021-10-20
86356,2021-10-21
86356,2021-10-22
86356,2021-10-25
86356,2021-10-26
86356,2021-10-27
86356,2021-10-28
86356,2021-10-29
86356,2021-11-01
86356,2021-11-02
86356,2021-11-03
86356,2021-11-04
86356,2021-11-05
86356,2021-11-08
86356,2021-11-09
86356,2021-11-10
86356,2021-11-11
86356,2021-11-12
86356,2021-11-15
86356,2021-11-16
86356,2021-11-17
86356,2021-11-18
86356,2021-11-19
86356,2021-11-22
86356,2021-11-23
86356,2021-11-24
86356,2021-11-26
86356,2021-11-29
86356,2021-11-30
86356,2021-12-01
86356,2021-12-02
86356,2021-12-03
86356,2021-12-06
86356,2021-12-07
86356,2021-12-08
86356,2021-12-09
86356,2021-12-10
86356,2021-12-13
86356,2021-12-14
86356,2021-12-15
86356,2021-12-16
86356,2021-12-17
86356,2021-12-20
86356,2021-12-21
86356,2021-12-22
86356,2021-12-23
86356,2021-12-27
86356,2021-12-28
86356,2021-12-29
86356,2021-12-30
86356,2021-12-31
86356,2022-01-03
86356,2022-01-04
86356,2022-01-05
86356,2022-01-06
86356,2022-01-07
86356,2022-01-10
86356,2022-01-11
86356,2022-01-12
86356,2022-01-13
86356,2022-01-14
86356,2022-01-18
86356,2022-01-19
86356,2022-01-20
86356,2022-01-21
86356,2022-01-24
86356,2022-01-25
86356,2022-01-26
86356,2022-01-27
86356,2022-01-28
86356,2022-01-31
86356,2022-02-01
86356,2022-02-02
86356,2022-02-03
86356,2022-02-04
86356,2022-02-07
86356,2022-02-08
86356,2022-02-09
86356,2022-02-10
86356,2022-02-11
86356,2022-02-14
86356,2022-02-15
86356,2022-02-16
86356,2022-02-17
86356,2022-02-18
86356,2022-02-22
86356,2022-02-23
86356,2022-02-24
86356,2022-02-25
86356,2022-02-28
86356,2022-03-01
86356,2022-03-02
86356,2022-03-03
86356,2022-03-04
86356,2022-03-07
86356,2022-03-08
86356,2022-03-09
86356,2022-03-10
86356,2022-03-11
86356,2022-03-14
86356,2022-03-15
86356,2022-03-16
86356,2022-03-17
86356,2022-03-18
86356,2022-03-21
86356,2022-03-22
86356,2022-03-23
86356,2022-03-24
86356,2022-03-25
86356,2022-03-28
86356,2022-03-29
86356,2022-03-30
86356,2022-03-31
86356,2022-04-01
86356,2022-04-04
86356,2022-04-05
86356,2022-04-06
86356,2022-04-07
86356,2022-04-08
86356,2022-04-11
86356,2022-04-12
86356,2022-04-13
86356,2022-04-14
86356,2022-04-18
86356,2022-04-19
86356,2022-04-20
86356,2022-04-21
86356,2022-04-22
86356,2022-04-25
86356,2022-04-26
86356,2022-04-27
86356,2022-04-28
86356,2022-04-29
86356,2022-05-02
86356,2022-05-03
86356,2022-05-04
86356,2022-05-05
86356,2022-05-06
86356,2022-05-09
86356,2022-05-10
86356,2022-05-11
86356,2022-05-12
86356,2022-05-13
86356,2022-05-16
86356,2022-05-17
86356,2022-05-18
86356,2022-05-19
86356,2022-05-20
86356,2022-05-23
86356,2022-05-24
86356,2022-05-25
86356,2022-05-26
86356,2022-05-27
86356,2022-05-31
86356,2022-06-01
86356,2022-06-02
86356,2022-06-03
86356,2022-06-06
86356,2022-06-07
86356,2022-06-08
86356,2022-06-09
86356,2022-06-10
86356,2022-06-13
86356,2022-06-14
86356,2022-06-15
86356,2022-06-16
86356,2022-06-17
86356,2022-06-21
86356,2022-06-22
86356,2022-06-23
86356,2022-06-24
86356,2022-06-27
86356,2022-06-28
86356,2022-06-29
86356,2022-06-30
86356,2022-07-01
86356,2022-07-05
86356,2022-07-06
86356,2022-07-07
86356,2022-07-08
86356,2022-07-11
86356,2022-07-12
86356,2022-07-13
86356,2022-07-14
86356,2022-07-15
86356,2022-07-18
86356,2022-07-19
86356,2022-07-20
86356,2022-07-21
86356,2022-07-22
86356,2022-07-25
86356,2022-07-26
86356,2022-07-27
86356,2022-07-28
86356,2022-07-29
86356,2022-08-01
86356,2022-08-02
86356,2022-08-03
86356,2022-08-04
86356,2022-08-05
86356,2022-08-08
86356,2022-08-09
86356,2022-08-10
86356,2022-08-11
86356,2022-08-12
86356,2022-08-15
86356,2022-08-16
86356,2022-08-17
86356,2022-08-18
86356,2022-08-19
86356,2022-08-22
86356,2022-08-23
86356,2022-08-24
86356,2022-08-25
86356,2022-08-26
86356,2022-08-29
86356,2022-08-30
86356,2022-08-31
86356,2022-09-01
86356,2022-09-02
86356,2022-09-06
86356,2022-09-07
86356,2022-09-08
86356,2022-09-09
86356,2022-09-12
86356,2022-09-13
86356,2022-09-14
86356,2022-09-15
86356,2022-09-16
86356,2022-09-19
86356,2022-09-20
86356,2022-09-21
86356,2022-09-22
86356,2022-09-23
86356,2022-09-26
86356,2022-09-27
86356,2022-09-28
86356,2022-09-29
86356,2022-09-30
86356,2022-10-03
86356,2022-10-04
86356,2022-10-05
86356,2022-10-06
86356,2022-10-07
86356,2022-10-10
86356,2022-10-11
86356,2022-10-12
86356,2022-10-13
86356,2022-10-14
86356,2022-10-17
86356,2022-10-18
86356,2022-10-19
86356,2022-10-20
86356,2022-10-21
86356,2022-10-24
86356,2022-10-25
86356,2022-10-26
86356,2022-10-27
86356,2022-10-28
86356,2022-10-31
86356,2022-11-01
86356,2022-11-02
86356,2022-11-03
86356,2022-11-04
86356,2022-11-07
86356,2022-11-08
86356,2022-11-09
86356,2022-11-10
86356,2022-11-11
86356,2022-11-14
86356,2022-11-15
86356,2022-11-16
86356,2022-11-17
86356,2022-11-18
86356,2022-11-21
86356,2022-11-22
86356,2022-11-23
86356,2022-11-25
86356,2022-11-28
86356,2022-11-29
86356,2022-11-30
86356,2022-12-01
86356,2022-12-02
89393,2013-12-02
89393,2013-12-03
89393,2013-12-04
89393,2013-12-05
89393,2013-12-06
89393,2013-12-09
89393,2013-12-10
89393,2013-12-11
89393,2013-12-12
89393,2013-12-13
89393,2013-12-16
89393,2013-12-17
89393,2013-12-18
89393,2013-12-19
89393,2013-12-20
89393,2013-12-23
89393,2013-12-24
89393,2013-12-26
89393,2013-12-27
89393,2013-12-30
89393,2013-12-31
89393,2014-01-02
89393,2014-01-03
89393,2014-01-06
89393,2014-01-07
89393,2014-01-08
89393,2014-01-09
89393,2014-01-10
89393,2014-01-13
89393,2014-01-14
89393,2014-01-15
89393,2014-01-16
89393,2014-01-17
89393,2014-01-21
89393,2014-01-22
89393,2014-01-23
89393,2014-01-24
89393,2014-01-27
89393,2014-01-28
89393,2014-01-29
89393,2014-01-30
89393,2014-01-31
89393,2014-02-03
89393,2014-02-04
89393,2014-02-05
89393,2014-02-06
89393,2014-02-07
89393,2014-02-10
89393,2014-02-11
89393,2014-02-12
89393,2014-02-13
89393,2014-02-14
89393,2014-02-18
89393,2014-02-19
89393,2014-02-20
89393,2014-02-21
89393,2014-02-24
89393,2014-02-25
89393,2014-02-26
89393,2014-02-27
89393,2014-02-28
89393,2014-03-03
89393,2014-03-04
89393,2014-03-05
89393,2014-03-06
89393,2014-03-07
89393,2014-03-10
89393,2014-03-11
89393,2014-03-12
89393,2014-03-13
89393,2014-03-14
89393,2014-03-17
89393,2014-03-18
89393,2014-03-19
89393,2014-03-20
89393,2014-03-21
89393,2014-03-24
89393,2014-03-25
89393,2014-03-26
89393,2014-03-27
89393,2014-03-28
89393,2014-03-31
89393,2014-04-01
89393,2014-04-02
89393,2014-04-03
89393,2014-04-04
89393,2014-04-07
89393,2014-04-08
89393,2014-04-09
89393,2014-04-10
89393,2014-04-11
89393,2014-04-14
89393,2014-04-15
89393,2014-04-16
89393,2014-04-17
89393,2014-04-21
89393,2014-04-22
89393,2014-04-23
89393,2014-04-24
89393,2014-04-25
89393,2014-04-28
89393,2014-04-29
89393,2014-04-30
89393,2014-05-01
89393,2014-05-02
89393,2014-05-05
89393,2014-05-06
89393,2014-05-07
89393,2014-05-08
89393,2014-05-09
89393,2014-05-12
89393,2014-05-13
89393,2014-05-14
89393,2014-05-15
89393,2014-05-16
89393,2014-05-19
89393,2014-05-20
89393,2014-05-21
89393,2014-05-22
89393,2014-05-23
89393,2014-05-27
89393,2014-05-28
89393,2014-05-29
89393,2014-05-30
89393,2014-06-02
89393,2014-06-03
89393,2014-06-04
89393,2014-06-05
89393,2014-06-06
89393,2014-06-09
89393,2014-06-10
89393,2014-06-11
89393,2014-06-12
89393,2014-06-13
89393,2014-06-16
89393,2014-06-17
89393,2014-06-18
89393,2014-06-19
89393,2014-06-20
89393,2014-06-23
89393,2014-06-24
89393,2014-06-25
89393,2014-06-26
89393,2014-06-27
89393,2014-06-30
89393,2014-07-01
89393,2014-07-02
89393,2014-07-03
89393,2014-07-07
89393,2014-07-08
89393,2014-07-09
89393,2014-07-10
89393,2014-07-11
89393,2014-07-14
89393,2014-07-15
89393,2014-07-16
89393,2014-07-17
89393,2014-07-18
89393,2014-07-21
89393,2014-07-22
89393,2014-07-23
89393,2014-07-24
89393,2014-07-25
89393,2014-07-28
89393,2014-07-29
89393,2014-07-30
89393,2014-07-31
89393,2014-08-01
89393,2014-08-04
89393,2014-08-05
89393,2014-08-06
89393,2014-08-07
89393,2014-08-08
89393,2014-08-11
89393,2014-08-12
89393,2014-08-13
89393,2014-08-14
89393,2014-08-15
89393,2014-08-18
89393,2014-08-19
89393,2014-08-20
89393,2014-08-21
89393,2014-08-22
89393,2014-08-25
89393,2014-08-26
89393,2014-08-27
89393,2014-08-28
89393,2014-08-29
89393,2014-09-02
89393,2014-09-03
89393,2014-09-04
89393,2014-09-05
89393,2014-09-08
89393,2014-09-09
89393,2014-09-10
89393,2014-09-11
89393,2014-09-12
89393,2014-09-15
89393,2014-09-16
89393,2014-09-17
89393,2014-09-18
89393,2014-09-19
89393,2014-09-22
89393,2014-09-23
89393,2014-09-24
89393,2014-09-25
89393,2014-09-26
89393,2014-09-29
89393,2014-09-30
89393,2014-10-01
89393,2014-10-02
89393,2014-10-03
89393,2014-10-06
89393,2014-10-07
89393,2014-10-08
89393,2014-10-09
89393,2014-10-10
89393,2014-10-13
89393,2014-10-14
89393,2014-10-15
89393,2014-10-16
89393,2014-10-17
89393,2014-10-20
89393,2014-10-21
89393,2014-10-22
89393,2014-10-23
89393,2014-10-24
89393,2014-10-27
89393,2014-10-28
89393,2014-10-29
89393,2014-10-30
89393,2014-10-31
89393,2014-11-03
89393,2014-11-04
89393,2014-11-05
89393,2014-11-06
89393,2014-11-07
89393,2014-11-10
89393,2014-11-11
89393,2014-11-12
89393,2014-11-13
89393,2014-11-14
89393,2014-11-17
89393,2014-11-18
89393,2014-11-19
89393,2014-11-20
89393,2014-11-21
89393,2014-11-24
89393,2014-11-25
89393,2014-11-26
89393,2014-11-28
89393,2014-12-01
89393,2014-12-02
89393,2014-12-03
89393,2014-12-04
89393,2014-12-05
89393,2014-12-08
89393,2014-12-09
89393,2014-12-10
89393,2014-12-11
89393,2014-12-12
89393,2014-12-15
89393,2014-12-16
89393,2014-12-17
89393,2014-12-18
89393,2014-12-19
89393,2014-12-22
89393,2014-12-23
89393,2014-12-24
89393,2014-12-26
89393,2014-12-29
89393,2014-12-30
89393,2014-12-31
89393,2015-01-02
89393,2015-01-05
89393,2015-01-06
89393,2015-01-07
89393,2015-01-08
89393,2015-01-09
89393,2015-01-12
89393,2015-01-13
89393,2015-01-14
89393,2015-01-15
89393,2015-01-16
89393,2015-01-20
89393,2015-01-21
89393,2015-01-22
89393,2015-01-23
89393,2015-01-26
89393,2015-01-27
89393,2015-01-28
89393,2015-01-29
89393,2015-01-30
89393,2015-02-02
89393,2015-02-03
89393,2015-02-04
89393,2015-02-05
89393,2015-02-06
89393,2015-02-09
89393,2015-02-10
89393,2015-02-11
89393,2015-02-12
89393,2015-02-13
89393,2015-02-17
89393,2015-02-18
89393,2015-02-19
89393,2015-02-20
89393,2015-02-23
89393,2015-02-24
89393,2015-02-25
89393,2015-02-26
89393,2015-02-27
89393,2015-03-02
89393,2015-03-03
89393,2015-03-04
89393,2015-03-05
89393,2015-03-06
89393,2015-03-09
89393,2015-03-10
89393,2015-03-11
89393,2015-03-12
89393,2015-03-13
89393,2015-03-16
89393,2015-03-17
89393,2015-03-18
89393,2015-03-19
89393,2015-03-20
89393,2015-03-23
89393,2015-03-24
89393,2015-03-25
89393,2015-03-26
89393,2015-03-27
89393,2015-03-30
89393,2015-03-31
89393,2015-04-01
89393,2015-04-02
89393,2015-04-06
89393,2015-04-07
89393,2015-04-08
89393,2015-04-09
89393,2015-04-10
89393,2015-04-13
89393,2015-04-14
89393,2015-04-15
89393,2015-04-16
89393,2015-04-17
89393,2015-04-20
89393,2015-04-21
89393,2015-04-22
89393,2015-04-23
89393,2015-04-24
89393,2015-04-27
89393,2015-04-28
89393,2015-04-29
89393,2015-04-30
89393,2015-05-01
89393,2015-05-04
89393,2015-05-05
89393,2015-05-06
89393,2015-05-07
89393,2015-05-08
89393,2015-05-11
89393,2015-05-12
89393,2015-05-13
89393,2015-05-14
89393,2015-05-15
89393,2015-05-18
89393,2015-05-19
89393,2015-05-20
89393,2015-05-21
89393,2015-05-22
89393,2015-05-26
89393,2015-05-27
89393,2015-05-28
89393,2015-05-29
89393,2015-06-01
89393,2015-06-02
89393,2015-06-03
89393,2015-06-04
89393,2015-06-05
89393,2015-06-08
89393,2015-06-09
89393,2015-06-10
89393,2015-06-11
89393,2015-06-12
89393,2015-06-15
89393,2015-06-16
89393,2015-06-17
89393,2015-06-18
89393,2015-06-19
89393,2015-06-22
89393,2015-06-23
89393,2015-06-24
89393,2015-06-25
89393,2015-06-26
89393,2015-06-29
89393,2015-06-30
89393,2015-07-01
89393,2015-07-02
89393,2015-07-06
89393,2015-07-07
89393,2015-07-08
89393,2015-07-09
89393,2015-07-10
89393,2015-07-13
89393,2015-07-14
89393,2015-07-15
89393,2015-07-16
89393,2015-07-17
89393,2015-07-20
89393,2015-07-21
89393,2015-07-22
89393,2015-07-23
89393,2015-07-24
89393,2015-07-27
89393,2015-07-28
89393,2015-07-29
89393,2015-07-30
89393,2015-07-31
89393,2015-08-03
89393,2015-08-04
89393,2015-08-05
89393,2015-08-06
89393,2015-08-07
89393,2015-08-10
89393,2015-08-11
89393,2015-08-12
89393,2015-08-13
89393,2015-08-14
89393,2015-08-17
89393,2015-08-18
89393,2015-08-19
89393,2015-08-20
89393,2015-08-21
89393,2015-08-24
89393,2015-08-25
89393,2015-08-26
89393,2015-08-27
89393,2015-08-28
89393,2015-08-31
89393,2015-09-01
89393,2015-09-02
89393,2015-09-03
89393,2015-09-04
89393,2015-09-08
89393,2015-09-09
89393,2015-09-10
89393,2015-09-11
89393,2015-09-14
89393,2015-09-15
89393,2015-09-16
89393,2015-09-17
89393,2015-09-18
89393,2015-09-21
89393,2015-09-22
89393,2015-09-23
89393,2015-09-24
89393,2015-09-25
89393,2015-09-28
89393,2015-09-29
89393,2015-09-30
89393,2015-10-01
89393,2015-10-02
89393,2015-10-05
89393,2015-10-06
89393,2015-10-07
89393,2015-10-08
89393,2015-10-09
89393,2015-10-12
89393,2015-10-13
89393,2015-10-14
89393,2015-10-15
89393,2015-10-16
89393,2015-10-19
89393,2015-10-20
89393,2015-10-21
89393,2015-10-22
89393,2015-10-23
89393,2015-10-26
89393,2015-10-27
89393,2015-10-28
89393,2015-10-29
89393,2015-10-30
89393,2015-11-02
89393,2015-11-03
89393,2015-11-04
89393,2015-11-05
89393,2015-11-06
89393,2015-11-09
89393,2015-11-10
89393,2015-11-11
89393,2015-11-12
89393,2015-11-13
89393,2015-11-16
89393,2015-11-17
89393,2015-11-18
89393,2015-11-19
89393,2015-11-20
89393,2015-11-23
89393,2015-11-24
89393,2015-11-25
89393,2015-11-27
89393,2015-11-30
89393,2015-12-01
89393,2015-12-02
89393,2015-12-03
89393,2015-12-04
89393,2015-12-07
89393,2015-12-08
89393,2015-12-09
89393,2015-12-10
89393,2015-12-11
89393,2015-12-14
89393,2015-12-15
89393,2015-12-16
89393,2015-12-17
89393,2015-12-18
89393,2015-12-21
89393,2015-12-22
89393,2015-12-23
89393,2015-12-24
89393,2015-12-28
89393,2015-12-29
89393,2015-12-30
89393,2015-12-31
89393,2016-01-04
89393,2016-01-05
89393,2016-01-06
89393,2016-01-07
89393,2016-01-08
89393,2016-01-11
89393,2016-01-12
89393,2016-01-13
89393,2016-01-14
89393,2016-01-15
89393,2016-01-19
89393,2016-01-20
89393,2016-01-21
89393,2016-01-22
89393,2016-01-25
89393,2016-01-26
89393,2016-01-27
89393,2016-01-28
89393,2016-01-29
89393,2016-02-01
89393,2016-02-02
89393,2016-02-03
89393,2016-02-04
89393,2016-02-05
89393,2016-02-08
89393,2016-02-09
89393,2016-02-10
89393,2016-02-11
89393,2016-02-12
89393,2016-02-16
89393,2016-02-17
89393,2016-02-18
89393,2016-02-19
89393,2016-02-22
89393,2016-02-23
89393,2016-02-24
89393,2016-02-25
89393,2016-02-26
89393,2016-02-29
89393,2016-03-01
89393,2016-03-02
89393,2016-03-03
89393,2016-03-04
89393,2016-03-07
89393,2016-03-08
89393,2016-03-09
89393,2016-03-10
89393,2016-03-11
89393,2016-03-14
89393,2016-03-15
89393,2016-03-16
89393,2016-03-17
89393,2016-03-18
89393,2016-03-21
89393,2016-03-22
89393,2016-03-23
89393,2016-03-24
89393,2016-03-28
89393,2016-03-29
89393,2016-03-30
89393,2016-03-31
89393,2016-04-01
89393,2016-04-04
89393,2016-04-05
89393,2016-04-06
89393,2016-04-07
89393,2016-04-08
89393,2016-04-11
89393,2016-04-12
89393,2016-04-13
89393,2016-04-14
89393,2016-04-15
89393,2016-04-18
89393,2016-04-19
89393,2016-04-20
89393,2016-04-21
89393,2016-04-22
89393,2016-04-25
89393,2016-04-26
89393,2016-04-27
89393,2016-04-28
89393,2016-04-29
89393,2016-05-02
89393,2016-05-03
89393,2016-05-04
89393,2016-05-05
89393,2016-05-06
89393,2016-05-09
89393,2016-05-10
89393,2016-05-11
89393,2016-05-12
89393,2016-05-13
89393,2016-05-16
89393,2016-05-17
89393,2016-05-18
89393,2016-05-19
89393,2016-05-20
89393,2016-05-23
89393,2016-05-24
89393,2016-05-25
89393,2016-05-26
89393,2016-05-27
89393,2016-05-31
89393,2016-06-01
89393,2016-06-02
89393,2016-06-03
89393,2016-06-06
89393,2016-06-07
89393,2016-06-08
89393,2016-06-09
89393,2016-06-10
89393,2016-06-13
89393,2016-06-14
89393,2016-06-15
89393,2016-06-16
89393,2016-06-17
89393,2016-06-20
89393,2016-06-21
89393,2016-06-22
89393,2016-06-23
89393,2016-06-24
89393,2016-06-27
89393,2016-06-28
89393,2016-06-29
89393,2016-06-30
89393,2016-07-01
89393,2016-07-05
89393,2016-07-06
89393,2016-07-07
89393,2016-07-08
89393,2016-07-11
89393,2016-07-12
89393,2016-07-13
89393,2016-07-14
89393,2016-07-15
89393,2016-07-18
89393,2016-07-19
89393,2016-07-20
89393,2016-07-21
89393,2016-07-22
89393,2016-07-25
89393,2016-07-26
89393,2016-07-27
89393,2016-07-28
89393,2016-07-29
89393,2016-08-01
89393,2016-08-02
89393,2016-08-03
89393,2016-08-04
89393,2016-08-05
89393,2016-08-08
89393,2016-08-09
89393,2016-08-10
89393,2016-08-11
89393,2016-08-12
89393,2016-08-15
89393,2016-08-16
89393,2016-08-17
89393,2016-08-18
89393,2016-08-19
89393,2016-08-22
89393,2016-08-23
89393,2016-08-24
89393,2016-08-25
89393,2016-08-26
89393,2016-08-29
89393,2016-08-30
89393,2016-08-31
89393,2016-09-01
89393,2016-09-02
89393,2016-09-06
89393,2016-09-07
89393,2016-09-08
89393,2016-09-09
89393,2016-09-12
89393,2016-09-13
89393,2016-09-14
89393,2016-09-15
89393,2016-09-16
89393,2016-09-19
89393,2016-09-20
89393,2016-09-21
89393,2016-09-22
89393,2016-09-23
89393,2016-09-26
89393,2016-09-27
89393,2016-09-28
89393,2016-09-29
89393,2016-09-30
89393,2016-10-03
89393,2016-10-04
89393,2016-10-05
89393,2016-10-06
89393,2016-10-07
89393,2016-10-10
89393,2016-10-11
89393,2016-10-12
89393,2016-10-13
89393,2016-10-14
89393,2016-10-17
89393,2016-10-18
89393,2016-10-19
89393,2016-10-20
89393,2016-10-21
89393,2016-10-24
89393,2016-10-25
89393,2016-10-26
89393,2016-10-27
89393,2016-10-28
89393,2016-10-31
89393,2016-11-01
89393,2016-11-02
89393,2016-11-03
89393,2016-11-04
89393,2016-11-07
89393,2016-11-08
89393,2016-11-09
89393,2016-11-10
89393,2016-11-11
89393,2016-11-14
89393,2016-11-15
89393,2016-11-16
89393,2016-11-17
89393,2016-11-18
89393,2016-11-21
89393,2016-11-22
89393,2016-11-23
89393,2016-11-25
89393,2016-11-28
89393,2016-11-29
89393,2016-11-30
89393,2016-12-01
89393,2016-12-02
89393,2016-12-05
89393,2016-12-06
89393,2016-12-07
89393,2016-12-08
89393,2016-12-09
89393,2016-12-12
89393,2016-12-13
89393,2016-12-14
89393,2016-12-15
89393,2016-12-16
89393,2016-12-19
89393,2016-12-20
89393,2016-12-21
89393,2016-12-22
89393,2016-12-23
89393,2016-12-27
89393,2016-12-28
89393,2016-12-29
89393,2016-12-30
89393,2017-01-03
89393,2017-01-04
89393,2017-01-05
89393,2017-01-06
89393,2017-01-09
89393,2017-01-10
89393,2017-01-11
89393,2017-01-12
89393,2017-01-13
89393,2017-01-17
89393,2017-01-18
89393,2017-01-19
89393,2017-01-20
89393,2017-01-23
89393,2017-01-24
89393,2017-01-25
89393,2017-01-26
89393,2017-01-27
89393,2017-01-30
89393,2017-01-31
89393,2017-02-01
89393,2017-02-02
89393,2017-02-03
89393,2017-02-06
89393,2017-02-07
89393,2017-02-08
89393,2017-02-09
89393,2017-02-10
89393,2017-02-13
89393,2017-02-14
89393,2017-02-15
89393,2017-02-16
89393,2017-02-17
89393,2017-02-21
89393,2017-02-22
89393,2017-02-23
89393,2017-02-24
89393,2017-02-27
89393,2017-02-28
89393,2017-03-01
89393,2017-03-02
89393,2017-03-03
89393,2017-03-06
89393,2017-03-07
89393,2017-03-08
89393,2017-03-09
89393,2017-03-10
89393,2017-03-13
89393,2017-03-14
89393,2017-03-15
89393,2017-03-16
89393,2017-03-17
89393,2017-03-20
89393,2017-03-21
89393,2017-03-22
89393,2017-03-23
89393,2017-03-24
89393,2017-03-27
89393,2017-03-28
89393,2017-03-29
89393,2017-03-30
89393,2017-03-31
89393,2017-04-03
89393,2017-04-04
89393,2017-04-05
89393,2017-04-06
89393,2017-04-07
89393,2017-04-10
89393,2017-04-11
89393,2017-04-12
89393,2017-04-13
89393,2017-04-17
89393,2017-04-18
89393,2017-04-19
89393,2017-04-20
89393,2017-04-21
89393,2017-04-24
89393,2017-04-25
89393,2017-04-26
89393,2017-04-27
89393,2017-04-28
89393,2017-05-01
89393,2017-05-02
89393,2017-05-03
89393,2017-05-04
89393,2017-05-05
89393,2017-05-08
89393,2017-05-09
89393,2017-05-10
89393,2017-05-11
89393,2017-05-12
89393,2017-05-15
89393,2017-05-16
89393,2017-05-17
89393,2017-05-18
89393,2017-05-19
89393,2017-05-22
89393,2017-05-23
89393,2017-05-24
89393,2017-05-25
89393,2017-05-26
89393,2017-05-30
89393,2017-05-31
89393,2017-06-01
89393,2017-06-02
89393,2017-06-05
89393,2017-06-06
89393,2017-06-07
89393,2017-06-08
89393,2017-06-09
89393,2017-06-12
89393,2017-06-13
89393,2017-06-14
89393,2017-06-15
89393,2017-06-16
89393,2017-06-19
89393,2017-06-20
89393,2017-06-21
89393,2017-06-22
89393,2017-06-23
89393,2017-06-26
89393,2017-06-27
89393,2017-06-28
89393,2017-06-29
89393,2017-06-30
89393,2017-07-03
89393,2017-07-05
89393,2017-07-06
89393,2017-07-07
89393,2017-07-10
89393,2017-07-11
89393,2017-07-12
89393,2017-07-13
89393,2017-07-14
89393,2017-07-17
89393,2017-07-18
89393,2017-07-19
89393,2017-07-20
89393,2017-07-21
89393,2017-07-24
89393,2017-07-25
89393,2017-07-26
89393,2017-07-27
89393,2017-07-28
89393,2017-07-31
89393,2017-08-01
89393,2017-08-02
89393,2017-08-03
89393,2017-08-04
89393,2017-08-07
89393,2017-08-08
89393,2017-08-09
89393,2017-08-10
89393,2017-08-11
89393,2017-08-14
89393,2017-08-15
89393,2017-08-16
89393,2017-08-17
89393,2017-08-18
89393,2017-08-21
89393,2017-08-22
89393,2017-08-23
89393,2017-08-24
89393,2017-08-25
89393,2017-08-28
89393,2017-08-29
89393,2017-08-30
89393,2017-08-31
89393,2017-09-01
89393,2017-09-05
89393,2017-09-06
89393,2017-09-07
89393,2017-09-08
89393,2017-09-11
89393,2017-09-12
89393,2017-09-13
89393,2017-09-14
89393,2017-09-15
89393,2017-09-18
89393,2017-09-19
89393,2017-09-20
89393,2017-09-21
89393,2017-09-22
89393,2017-09-25
89393,2017-09-26
89393,2017-09-27
89393,2017-09-28
89393,2017-09-29
89393,2017-10-02
89393,2017-10-03
89393,2017-10-04
89393,2017-10-05
89393,2017-10-06
89393,2017-10-09
89393,2017-10-10
89393,2017-10-11
89393,2017-10-12
89393,2017-10-13
89393,2017-10-16
89393,2017-10-17
89393,2017-10-18
89393,2017-10-19
89393,2017-10-20
89393,2017-10-23
89393,2017-10-24
89393,2017-10-25
89393,2017-10-26
89393,2017-10-27
89393,2017-10-30
89393,2017-10-31
89393,2017-11-01
89393,2017-11-02
89393,2017-11-03
89393,2017-11-06
89393,2017-11-07
89393,2017-11-08
89393,2017-11-09
89393,2017-11-10
89393,2017-11-13
89393,2017-11-14
89393,2017-11-15
89393,2017-11-16
89393,2017-11-17
89393,2017-11-20
89393,2017-11-21
89393,2017-11-22
89393,2017-11-24
89393,2017-11-27
89393,2017-11-28
89393,2017-11-29
89393,2017-11-30
89393,2017-12-01
89393,2017-12-04
89393,2017-12-05
89393,2017-12-06
89393,2017-12-07
89393,2017-12-08
89393,2017-12-11
89393,2017-12-12
89393,2017-12-13
89393,2017-12-14
89393,2017-12-15
89393,2017-12-18
89393,2017-12-19
89393,2017-12-20
89393,2017-12-21
89393,2017-12-22
89393,2017-12-26
89393,2017-12-27
89393,2017-12-28
89393,2017-12-29
89393,2018-01-02
89393,2018-01-03
89393,2018-01-04
89393,2018-01-05
89393,2018-01-08
89393,2018-01-09
89393,2018-01-10
89393,2018-01-11
89393,2018-01-12
89393,2018-01-16
89393,2018-01-17
89393,2018-01-18
89393,2018-01-19
89393,2018-01-22
89393,2018-01-23
89393,2018-01-24
89393,2018-01-25
89393,2018-01-26
89393,2018-01-29
89393,2018-01-30
89393,2018-01-31
89393,2018-02-01
89393,2018-02-02
89393,2018-02-05
89393,2018-02-06
89393,2018-02-07
89393,2018-02-08
89393,2018-02-09
89393,2018-02-12
89393,2018-02-13
89393,2018-02-14
89393,2018-02-15
89393,2018-02-16
89393,2018-02-20
89393,2018-02-21
89393,2018-02-22
89393,2018-02-23
89393,2018-02-26
89393,2018-02-27
89393,2018-02-28
89393,2018-03-01
89393,2018-03-02
89393,2018-03-05
89393,2018-03-06
89393,2018-03-07
89393,2018-03-08
89393,2018-03-09
89393,2018-03-12
89393,2018-03-13
89393,2018-03-14
89393,2018-03-15
89393,2018-03-16
89393,2018-03-19
89393,2018-03-20
89393,2018-03-21
89393,2018-03-22
89393,2018-03-23
89393,2018-03-26
89393,2018-03-27
89393,2018-03-28
89393,2018-03-29
89393,2018-04-02
89393,2018-04-03
89393,2018-04-04
89393,2018-04-05
89393,2018-04-06
89393,2018-04-09
89393,2018-04-10
89393,2018-04-11
89393,2018-04-12
89393,2018-04-13
89393,2018-04-16
89393,2018-04-17
89393,2018-04-18
89393,2018-04-19
89393,2018-04-20
89393,2018-04-23
89393,2018-04-24
89393,2018-04-25
89393,2018-04-26
89393,2018-04-27
89393,2018-04-30
89393,2018-05-01
89393,2018-05-02
89393,2018-05-03
89393,2018-05-04
89393,2018-05-07
89393,2018-05-08
89393,2018-05-09
89393,2018-05-10
89393,2018-05-11
89393,2018-05-14
89393,2018-05-15
89393,2018-05-16
89393,2018-05-17
89393,2018-05-18
89393,2018-05-21
89393,2018-05-22
89393,2018-05-23
89393,2018-05-24
89393,2018-05-25
89393,2018-05-29
89393,2018-05-30
89393,2018-05-31
89393,2018-06-01
89393,2018-06-04
89393,2018-06-05
89393,2018-06-06
89393,2018-06-07
89393,2018-06-08
89393,2018-06-11
89393,2018-06-12
89393,2018-06-13
89393,2018-06-14
89393,2018-06-15
89393,2018-06-18
89393,2018-06-19
89393,2018-06-20
89393,2018-06-21
89393,2018-06-22
89393,2018-06-25
89393,2018-06-26
89393,2018-06-27
89393,2018-06-28
89393,2018-06-29
89393,2018-07-02
89393,2018-07-03
89393,2018-07-05
89393,2018-07-06
89393,2018-07-09
89393,2018-07-10
89393,2018-07-11
89393,2018-07-12
89393,2018-07-13
89393,2018-07-16
89393,2018-07-17
89393,2018-07-18
89393,2018-07-19
89393,2018-07-20
89393,2018-07-23
89393,2018-07-24
89393,2018-07-25
89393,2018-07-26
89393,2018-07-27
89393,2018-07-30
89393,2018-07-31
89393,2018-08-01
89393,2018-08-02
89393,2018-08-03
89393,2018-08-06
89393,2018-08-07
89393,2018-08-08
89393,2018-08-09
89393,2018-08-10
89393,2018-08-13
89393,2018-08-14
89393,2018-08-15
89393,2018-08-16
89393,2018-08-17
89393,2018-08-20
89393,2018-08-21
89393,2018-08-22
89393,2018-08-23
89393,2018-08-24
89393,2018-08-27
89393,2018-08-28
89393,2018-08-29
89393,2018-08-30
89393,2018-08-31
89393,2018-09-04
89393,2018-09-05
89393,2018-09-06
89393,2018-09-07
89393,2018-09-10
89393,2018-09-11
89393,2018-09-12
89393,2018-09-13
89393,2018-09-14
89393,2018-09-17
89393,2018-09-18
89393,2018-09-19
89393,2018-09-20
89393,2018-09-21
89393,2018-09-24
89393,2018-09-25
89393,2018-09-26
89393,2018-09-27
89393,2018-09-28
89393,2018-10-01
89393,2018-10-02
89393,2018-10-03
89393,2018-10-04
89393,2018-10-05
89393,2018-10-08
89393,2018-10-09
89393,2018-10-10
89393,2018-10-11
89393,2018-10-12
89393,2018-10-15
89393,2018-10-16
89393,2018-10-17
89393,2018-10-18
89393,2018-10-19
89393,2018-10-22
89393,2018-10-23
89393,2018-10-24
89393,2018-10-25
89393,2018-10-26
89393,2018-10-29
89393,2018-10-30
89393,2018-10-31
89393,2018-11-01
89393,2018-11-02
89393,2018-11-05
89393,2018-11-06
89393,2018-11-07
89393,2018-11-08
89393,2018-11-09
89393,2018-11-12
89393,2018-11-13
89393,2018-11-14
89393,2018-11-15
89393,2018-11-16
89393,2018-11-19
89393,2018-11-20
89393,2018-11-21
89393,2018-11-23
89393,2018-11-26
89393,2018-11-27
89393,2018-11-28
89393,2018-11-29
89393,2018-11-30
89393,2018-12-03
89393,2018-12-04
89393,2018-12-06
89393,2018-12-07
89393,2018-12-10
89393,2018-12-11
89393,2018-12-12
89393,2018-12-13
89393,2018-12-14
89393,2018-12-17
89393,2018-12-18
89393,2018-12-19
89393,2018-12-20
89393,2018-12-21
89393,2018-12-24
89393,2018-12-26
89393,2018-12-27
89393,2018-12-28
89393,2018-12-31
89393,2019-01-02
89393,2019-01-03
89393,2019-01-04
89393,2019-01-07
89393,2019-01-08
89393,2019-01-09
89393,2019-01-10
89393,2019-01-11
89393,2019-01-14
89393,2019-01-15
89393,2019-01-16
89393,2019-01-17
89393,2019-01-18
89393,2019-01-22
89393,2019-01-23
89393,2019-01-24
89393,2019-01-25
89393,2019-01-28
89393,2019-01-29
89393,2019-01-30
89393,2019-01-31
89393,2019-02-01
89393,2019-02-04
89393,2019-02-05
89393,2019-02-06
89393,2019-02-07
89393,2019-02-08
89393,2019-02-11
89393,2019-02-12
89393,2019-02-13
89393,2019-02-14
89393,2019-02-15
89393,2019-02-19
89393,2019-02-20
89393,2019-02-21
89393,2019-02-22
89393,2019-02-25
89393,2019-02-26
89393,2019-02-27
89393,2019-02-28
89393,2019-03-01
89393,2019-03-04
89393,2019-03-05
89393,2019-03-06
89393,2019-03-07
89393,2019-03-08
89393,2019-03-11
89393,2019-03-12
89393,2019-03-13
89393,2019-03-14
89393,2019-03-15
89393,2019-03-18
89393,2019-03-19
89393,2019-03-20
89393,2019-03-21
89393,2019-03-22
89393,2019-03-25
89393,2019-03-26
89393,2019-03-27
89393,2019-03-28
89393,2019-03-29
89393,2019-04-01
89393,2019-04-02
89393,2019-04-03
89393,2019-04-04
89393,2019-04-05
89393,2019-04-08
89393,2019-04-09
89393,2019-04-10
89393,2019-04-11
89393,2019-04-12
89393,2019-04-15
89393,2019-04-16
89393,2019-04-17
89393,2019-04-18
89393,2019-04-22
89393,2019-04-23
89393,2019-04-24
89393,2019-04-25
89393,2019-04-26
89393,2019-04-29
89393,2019-04-30
89393,2019-05-01
89393,2019-05-02
89393,2019-05-03
89393,2019-05-06
89393,2019-05-07
89393,2019-05-08
89393,2019-05-09
89393,2019-05-10
89393,2019-05-13
89393,2019-05-14
89393,2019-05-15
89393,2019-05-16
89393,2019-05-17
89393,2019-05-20
89393,2019-05-21
89393,2019-05-22
89393,2019-05-23
89393,2019-05-24
89393,2019-05-28
89393,2019-05-29
89393,2019-05-30
89393,2019-05-31
89393,2019-06-03
89393,2019-06-04
89393,2019-06-05
89393,2019-06-06
89393,2019-06-07
89393,2019-06-10
89393,2019-06-11
89393,2019-06-12
89393,2019-06-13
89393,2019-06-14
89393,2019-06-17
89393,2019-06-18
89393,2019-06-19
89393,2019-06-20
89393,2019-06-21
89393,2019-06-24
89393,2019-06-25
89393,2019-06-26
89393,2019-06-27
89393,2019-06-28
89393,2019-07-01
89393,2019-07-02
89393,2019-07-03
89393,2019-07-05
89393,2019-07-08
89393,2019-07-09
89393,2019-07-10
89393,2019-07-11
89393,2019-07-12
89393,2019-07-15
89393,2019-07-16
89393,2019-07-17
89393,2019-07-18
89393,2019-07-19
89393,2019-07-22
89393,2019-07-23
89393,2019-07-24
89393,2019-07-25
89393,2019-07-26
89393,2019-07-29
89393,2019-07-30
89393,2019-07-31
89393,2019-08-01
89393,2019-08-02
89393,2019-08-05
89393,2019-08-06
89393,2019-08-07
89393,2019-08-08
89393,2019-08-09
89393,2019-08-12
89393,2019-08-13
89393,2019-08-14
89393,2019-08-15
89393,2019-08-16
89393,2019-08-19
89393,2019-08-20
89393,2019-08-21
89393,2019-08-22
89393,2019-08-23
89393,2019-08-26
89393,2019-08-27
89393,2019-08-28
89393,2019-08-29
89393,2019-08-30
89393,2019-09-03
89393,2019-09-04
89393,2019-09-05
89393,2019-09-06
89393,2019-09-09
89393,2019-09-10
89393,2019-09-11
89393,2019-09-12
89393,2019-09-13
89393,2019-09-16
89393,2019-09-17
89393,2019-09-18
89393,2019-09-19
89393,2019-09-20
89393,2019-09-23
89393,2019-09-24
89393,2019-09-25
89393,2019-09-26
89393,2019-09-27
89393,2019-09-30
89393,2019-10-01
89393,2019-10-02
89393,2019-10-03
89393,2019-10-04
89393,2019-10-07
89393,2019-10-08
89393,2019-10-09
89393,2019-10-10
89393,2019-10-11
89393,2019-10-14
89393,2019-10-15
89393,2019-10-16
89393,2019-10-17
89393,2019-10-18
89393,2019-10-21
89393,2019-10-22
89393,2019-10-23
89393,2019-10-24
89393,2019-10-25
89393,2019-10-28
89393,2019-10-29
89393,2019-10-30
89393,2019-10-31
89393,2019-11-01
89393,2019-11-04
89393,2019-11-05
89393,2019-11-06
89393,2019-11-07
89393,2019-11-08
89393,2019-11-11
89393,2019-11-12
89393,2019-11-13
89393,2019-11-14
89393,2019-11-15
89393,2019-11-18
89393,2019-11-19
89393,2019-11-20
89393,2019-11-21
89393,2019-11-22
89393,2019-11-25
89393,2019-11-26
89393,2019-11-27
89393,2019-11-29
89393,2019-12-02
89393,2019-12-03
89393,2019-12-04
89393,2019-12-05
89393,2019-12-06
89393,2019-12-09
89393,2019-12-10
89393,2019-12-11
89393,2019-12-12
89393,2019-12-13
89393,2019-12-16
89393,2019-12-17
89393,2019-12-18
89393,2019-12-19
89393,2019-12-20
89393,2019-12-23
89393,2019-12-24
89393,2019-12-26
89393,2019-12-27
89393,2019-12-30
89393,2019-12-31
89393,2020-01-02
89393,2020-01-03
89393,2020-01-06
89393,2020-01-07
89393,2020-01-08
89393,2020-01-09
89393,2020-01-10
89393,2020-01-13
89393,2020-01-14
89393,2020-01-15
89393,2020-01-16
89393,2020-01-17
89393,2020-01-21
89393,2020-01-22
89393,2020-01-23
89393,2020-01-24
89393,2020-01-27
89393,2020-01-28
89393,2020-01-29
89393,2020-01-30
89393,2020-01-31
89393,2020-02-03
89393,2020-02-04
89393,2020-02-05
89393,2020-02-06
89393,2020-02-07
89393,2020-02-10
89393,2020-02-11
89393,2020-02-12
89393,2020-02-13
89393,2020-02-14
89393,2020-02-18
89393,2020-02-19
89393,2020-02-20
89393,2020-02-21
89393,2020-02-24
89393,2020-02-25
89393,2020-02-26
89393,2020-02-27
89393,2020-02-28
89393,2020-03-02
89393,2020-03-03
89393,2020-03-04
89393,2020-03-05
89393,2020-03-06
89393,2020-03-09
89393,2020-03-10
89393,2020-03-11
89393,2020-03-12
89393,2020-03-13
89393,2020-03-16
89393,2020-03-17
89393,2020-03-18
89393,2020-03-19
89393,2020-03-20
89393,2020-03-23
89393,2020-03-24
89393,2020-03-25
89393,2020-03-26
89393,2020-03-27
89393,2020-03-30
89393,2020-03-31
89393,2020-04-01
89393,2020-04-02
89393,2020-04-03
89393,2020-04-06
89393,2020-04-07
89393,2020-04-08
89393,2020-04-09
89393,2020-04-13
89393,2020-04-14
89393,2020-04-15
89393,2020-04-16
89393,2020-04-17
89393,2020-04-20
89393,2020-04-21
89393,2020-04-22
89393,2020-04-23
89393,2020-04-24
89393,2020-04-27
89393,2020-04-28
89393,2020-04-29
89393,2020-04-30
89393,2020-05-01
89393,2020-05-04
89393,2020-05-05
89393,2020-05-06
89393,2020-05-07
89393,2020-05-08
89393,2020-05-11
89393,2020-05-12
89393,2020-05-13
89393,2020-05-14
89393,2020-05-15
89393,2020-05-18
89393,2020-05-19
89393,2020-05-20
89393,2020-05-21
89393,2020-05-22
89393,2020-05-26
89393,2020-05-27
89393,2020-05-28
89393,2020-05-29
89393,2020-06-01
89393,2020-06-02
89393,2020-06-03
89393,2020-06-04
89393,2020-06-05
89393,2020-06-08
89393,2020-06-09
89393,2020-06-10
89393,2020-06-11
89393,2020-06-12
89393,2020-06-15
89393,2020-06-16
89393,2020-06-17
89393,2020-06-18
89393,2020-06-19
89393,2020-06-22
89393,2020-06-23
89393,2020-06-24
89393,2020-06-25
89393,2020-06-26
89393,2020-06-29
89393,2020-06-30
89393,2020-07-01
89393,2020-07-02
89393,2020-07-06
89393,2020-07-07
89393,2020-07-08
89393,2020-07-09
89393,2020-07-10
89393,2020-07-13
89393,2020-07-14
89393,2020-07-15
89393,2020-07-16
89393,2020-07-17
89393,2020-07-20
89393,2020-07-21
89393,2020-07-22
89393,2020-07-23
89393,2020-07-24
89393,2020-07-27
89393,2020-07-28
89393,2020-07-29
89393,2020-07-30
89393,2020-07-31
89393,2020-08-03
89393,2020-08-04
89393,2020-08-05
89393,2020-08-06
89393,2020-08-07
89393,2020-08-10
89393,2020-08-11
89393,2020-08-12
89393,2020-08-13
89393,2020-08-14
89393,2020-08-17
89393,2020-08-18
89393,2020-08-19
89393,2020-08-20
89393,2020-08-21
89393,2020-08-24
89393,2020-08-25
89393,2020-08-26
89393,2020-08-27
89393,2020-08-28
89393,2020-08-31
89393,2020-09-01
89393,2020-09-02
89393,2020-09-03
89393,2020-09-04
89393,2020-09-08
89393,2020-09-09
89393,2020-09-10
89393,2020-09-11
89393,2020-09-14
89393,2020-09-15
89393,2020-09-16
89393,2020-09-17
89393,2020-09-18
89393,2020-09-21
89393,2020-09-22
89393,2020-09-23
89393,2020-09-24
89393,2020-09-25
89393,2020-09-28
89393,2020-09-29
89393,2020-09-30
89393,2020-10-01
89393,2020-10-02
89393,2020-10-05
89393,2020-10-06
89393,2020-10-07
89393,2020-10-08
89393,2020-10-09
89393,2020-10-12
89393,2020-10-13
89393,2020-10-14
89393,2020-10-15
89393,2020-10-16
89393,2020-10-19
89393,2020-10-20
89393,2020-10-21
89393,2020-10-22
89393,2020-10-23
89393,2020-10-26
89393,2020-10-27
89393,2020-10-28
89393,2020-10-29
89393,2020-10-30
89393,2020-11-02
89393,2020-11-03
89393,2020-11-04
89393,2020-11-05
89393,2020-11-06
89393,2020-11-09
89393,2020-11-10
89393,2020-11-11
89393,2020-11-12
89393,2020-11-13
89393,2020-11-16
89393,2020-11-17
89393,2020-11-18
89393,2020-11-19
89393,2020-11-20
89393,2020-11-23
89393,2020-11-24
89393,2020-11-25
89393,2020-11-27
89393,2020-11-30
89393,2020-12-01
89393,2020-12-02
89393,2020-12-03
89393,2020-12-04
89393,2020-12-07
89393,2020-12-08
89393,2020-12-09
89393,2020-12-10
89393,2020-12-11
89393,2020-12-14
89393,2020-12-15
89393,2020-12-16
89393,2020-12-17
89393,2020-12-18
89393,2020-12-21
89393,2020-12-22
89393,2020-12-23
89393,2020-12-24
89393,2020-12-28
89393,2020-12-29
89393,2020-12-30
89393,2020-12-31
89393,2021-01-04
89393,2021-01-05
89393,2021-01-06
89393,2021-01-07
89393,2021-01-08
89393,2021-01-11
89393,2021-01-12
89393,2021-01-13
89393,2021-01-14
89393,2021-01-15
89393,2021-01-19
89393,2021-01-20
89393,2021-01-21
89393,2021-01-22
89393,2021-01-25
89393,2021-01-26
89393,2021-01-27
89393,2021-01-28
89393,2021-01-29
89393,2021-02-01
89393,2021-02-02
89393,2021-02-03
89393,2021-02-04
89393,2021-02-05
89393,2021-02-08
89393,2021-02-09
89393,2021-02-10
89393,2021-02-11
89393,2021-02-12
89393,2021-02-16
89393,2021-02-17
89393,2021-02-18
89393,2021-02-19
89393,2021-02-22
89393,2021-02-23
89393,2021-02-24
89393,2021-02-25
89393,2021-02-26
89393,2021-03-01
89393,2021-03-02
89393,2021-03-03
89393,2021-03-04
89393,2021-03-05
89393,2021-03-08
89393,2021-03-09
89393,2021-03-10
89393,2021-03-11
89393,2021-03-12
89393,2021-03-15
89393,2021-03-16
89393,2021-03-17
89393,2021-03-18
89393,2021-03-19
89393,2021-03-22
89393,2021-03-23
89393,2021-03-24
89393,2021-03-25
89393,2021-03-26
89393,2021-03-29
89393,2021-03-30
89393,2021-03-31
89393,2021-04-01
89393,2021-04-05
89393,2021-04-06
89393,2021-04-07
89393,2021-04-08
89393,2021-04-09
89393,2021-04-12
89393,2021-04-13
89393,2021-04-14
89393,2021-04-15
89393,2021-04-16
89393,2021-04-19
89393,2021-04-20
89393,2021-04-21
89393,2021-04-22
89393,2021-04-23
89393,2021-04-26
89393,2021-04-27
89393,2021-04-28
89393,2021-04-29
89393,2021-04-30
89393,2021-05-03
89393,2021-05-04
89393,2021-05-05
89393,2021-05-06
89393,2021-05-07
89393,2021-05-10
89393,2021-05-11
89393,2021-05-12
89393,2021-05-13
89393,2021-05-14
89393,2021-05-17
89393,2021-05-18
89393,2021-05-19
89393,2021-05-20
89393,2021-05-21
89393,2021-05-24
89393,2021-05-25
89393,2021-05-26
89393,2021-05-27
89393,2021-05-28
89393,2021-06-01
89393,2021-06-02
89393,2021-06-03
89393,2021-06-04
89393,2021-06-07
89393,2021-06-08
89393,2021-06-09
89393,2021-06-10
89393,2021-06-11
89393,2021-06-14
89393,2021-06-15
89393,2021-06-16
89393,2021-06-17
89393,2021-06-18
89393,2021-06-21
89393,2021-06-22
89393,2021-06-23
89393,2021-06-24
89393,2021-06-25
89393,2021-06-28
89393,2021-06-29
89393,2021-06-30
89393,2021-07-01
89393,2021-07-02
89393,2021-07-06
89393,2021-07-07
89393,2021-07-08
89393,2021-07-09
89393,2021-07-12
89393,2021-07-13
89393,2021-07-14
89393,2021-07-15
89393,2021-07-16
89393,2021-07-19
89393,2021-07-20
89393,2021-07-21
89393,2021-07-22
89393,2021-07-23
89393,2021-07-26
89393,2021-07-27
89393,2021-07-28
89393,2021-07-29
89393,2021-07-30
89393,2021-08-02
89393,2021-08-03
89393,2021-08-04
89393,2021-08-05
89393,2021-08-06
89393,2021-08-09
89393,2021-08-10
89393,2021-08-11
89393,2021-08-12
89393,2021-08-13
89393,2021-08-16
89393,2021-08-17
89393,2021-08-18
89393,2021-08-19
89393,2021-08-20
89393,2021-08-23
89393,2021-08-24
89393,2021-08-25
89393,2021-08-26
89393,2021-08-27
89393,2021-08-30
89393,2021-08-31
89393,2021-09-01
89393,2021-09-02
89393,2021-09-03
89393,2021-09-07
89393,2021-09-08
89393,2021-09-09
89393,2021-09-10
89393,2021-09-13
89393,2021-09-14
89393,2021-09-15
89393,2021-09-16
89393,2021-09-17
89393,2021-09-20
89393,2021-09-21
89393,2021-09-22
89393,2021-09-23
89393,2021-09-24
89393,2021-09-27
89393,2021-09-28
89393,2021-09-29
89393,2021-09-30
89393,2021-10-01
89393,2021-10-04
89393,2021-10-05
89393,2021-10-06
89393,2021-10-07
89393,2021-10-08
89393,2021-10-11
89393,2021-10-12
89393,2021-10-13
89393,2021-10-14
89393,2021-10-15
89393,2021-10-18
89393,2021-10-19
89393,2021-10-20
89393,2021-10-21
89393,2021-10-22
89393,2021-10-25
89393,2021-10-26
89393,2021-10-27
89393,2021-10-28
89393,2021-10-29
89393,2021-11-01
89393,2021-11-02
89393,2021-11-03
89393,2021-11-04
89393,2021-11-05
89393,2021-11-08
89393,2021-11-09
89393,2021-11-10
89393,2021-11-11
89393,2021-11-12
89393,2021-11-15
89393,2021-11-16
89393,2021-11-17
89393,2021-11-18
89393,2021-11-19
89393,2021-11-22
89393,2021-11-23
89393,2021-11-24
89393,2021-11-26
89393,2021-11-29
89393,2021-11-30
89393,2021-12-01
89393,2021-12-02
89393,2021-12-03
89393,2021-12-06
89393,2021-12-07
89393,2021-12-08
89393,2021-12-09
89393,2021-12-10
89393,2021-12-13
89393,2021-12-14
89393,2021-12-15
89393,2021-12-16
89393,2021-12-17
89393,2021-12-20
89393,2021-12-21
89393,2021-12-22
89393,2021-12-23
89393,2021-12-27
89393,2021-12-28
89393,2021-12-29
89393,2021-12-30
89393,2021-12-31
89393,2022-01-03
89393,2022-01-04
89393,2022-01-05
89393,2022-01-06
89393,2022-01-07
89393,2022-01-10
89393,2022-01-11
89393,2022-01-12
89393,2022-01-13
89393,2022-01-14
89393,2022-01-18
89393,2022-01-19
89393,2022-01-20
89393,2022-01-21
89393,2022-01-24
89393,2022-01-25
89393,2022-01-26
89393,2022-01-27
89393,2022-01-28
89393,2022-01-31
89393,2022-02-01
89393,2022-02-02
89393,2022-02-03
89393,2022-02-04
89393,2022-02-07
89393,2022-02-08
89393,2022-02-09
89393,2022-02-10
89393,2022-02-11
89393,2022-02-14
89393,2022-02-15
89393,2022-02-16
89393,2022-02-17
89393,2022-02-18
89393,2022-02-22
89393,2022-02-23
89393,2022-02-24
89393,2022-02-25
89393,2022-02-28
89393,2022-03-01
89393,2022-03-02
89393,2022-03-03
89393,2022-03-04
89393,2022-03-07
89393,2022-03-08
89393,2022-03-09
89393,2022-03-10
89393,2022-03-11
89393,2022-03-14
89393,2022-03-15
89393,2022-03-16
89393,2022-03-17
89393,2022-03-18
89393,2022-03-21
89393,2022-03-22
89393,2022-03-23
89393,2022-03-24
89393,2022-03-25
89393,2022-03-28
89393,2022-03-29
89393,2022-03-30
89393,2022-03-31
89393,2022-04-01
89393,2022-04-04
89393,2022-04-05
89393,2022-04-06
89393,2022-04-07
89393,2022-04-08
89393,2022-04-11
89393,2022-04-12
89393,2022-04-13
89393,2022-04-14
89393,2022-04-18
89393,2022-04-19
89393,2022-04-20
89393,2022-04-21
89393,2022-04-22
89393,2022-04-25
89393,2022-04-26
89393,2022-04-27
89393,2022-04-28
89393,2022-04-29
89393,2022-05-02
89393,2022-05-03
89393,2022-05-04
89393,2022-05-05
89393,2022-05-06
89393,2022-05-09
89393,2022-05-10
89393,2022-05-11
89393,2022-05-12
89393,2022-05-13
89393,2022-05-16
89393,2022-05-17
89393,2022-05-18
89393,2022-05-19
89393,2022-05-20
89393,2022-05-23
89393,2022-05-24
89393,2022-05-25
89393,2022-05-26
89393,2022-05-27
89393,2022-05-31
89393,2022-06-01
89393,2022-06-02
89393,2022-06-03
89393,2022-06-06
89393,2022-06-07
89393,2022-06-08
89393,2022-06-09
89393,2022-06-10
89393,2022-06-13
89393,2022-06-14
89393,2022-06-15
89393,2022-06-16
89393,2022-06-17
89393,2022-06-21
89393,2022-06-22
89393,2022-06-23
89393,2022-06-24
89393,2022-06-27
89393,2022-06-28
89393,2022-06-29
89393,2022-06-30
89393,2022-07-01
89393,2022-07-05
89393,2022-07-06
89393,2022-07-07
89393,2022-07-08
89393,2022-07-11
89393,2022-07-12
89393,2022-07-13
89393,2022-07-14
89393,2022-07-15
89393,2022-07-18
89393,2022-07-19
89393,2022-07-20
89393,2022-07-21
89393,2022-07-22
89393,2022-07-25
89393,2022-07-26
89393,2022-07-27
89393,2022-07-28
89393,2022-07-29
89393,2022-08-01
89393,2022-08-02
89393,2022-08-03
89393,2022-08-04
89393,2022-08-05
89393,2022-08-08
89393,2022-08-09
89393,2022-08-10
89393,2022-08-11
89393,2022-08-12
89393,2022-08-15
89393,2022-08-16
89393,2022-08-17
89393,2022-08-18
89393,2022-08-19
89393,2022-08-22
89393,2022-08-23
89393,2022-08-24
89393,2022-08-25
89393,2022-08-26
89393,2022-08-29
89393,2022-08-30
89393,2022-08-31
89393,2022-09-01
89393,2022-09-02
89393,2022-09-06
89393,2022-09-07
89393,2022-09-08
89393,2022-09-09
89393,2022-09-12
89393,2022-09-13
89393,2022-09-14
89393,2022-09-15
89393,2022-09-16
89393,2022-09-19
89393,2022-09-20
89393,2022-09-21
89393,2022-09-22
89393,2022-09-23
89393,2022-09-26
89393,2022-09-27
89393,2022-09-28
89393,2022-09-29
89393,2022-09-30
89393,2022-10-03
89393,2022-10-04
89393,2022-10-05
89393,2022-10-06
89393,2022-10-07
89393,2022-10-10
89393,2022-10-11
89393,2022-10-12
89393,2022-10-13
89393,2022-10-14
89393,2022-10-17
89393,2022-10-18
89393,2022-10-19
89393,2022-10-20
89393,2022-10-21
89393,2022-10-24
89393,2022-10-25
89393,2022-10-26
89393,2022-10-27
89393,2022-10-28
89393,2022-10-31
89393,2022-11-01
89393,2022-11-02
89393,2022-11-03
89393,2022-11-04
89393,2022-11-07
89393,2022-11-08
89393,2022-11-09
89393,2022-11-10
89393,2022-11-11
89393,2022-11-14
89393,2022-11-15
89393,2022-11-16
89393,2022-11-17
89393,2022-11-18
89393,2022-11-21
89393,2022-11-22
89393,2022-11-23
89393,2022-11-25
89393,2022-11-28
89393,2022-11-29
89393,2022-11-30
89393,2022-12-01
89393,2022-12-02
